day_id,date,day_title,order,category,category_pt,name_pt,address,latitude,longitude,leg_mode,leg_mode_pt,leg_hint,leg_maps_url,maps_search_url,route_day_url
day-2026-11-19,19 nov,Munique — chegada,1,airport,Aeroporto,Aeroporto MUC,"Munich Airport, Germany",48.353783,11.775083,,,,,https://www.google.com/maps/search/?api=1&query=Munich%20Airport%2C%20Germany,https://www.google.com/maps/dir/?api=1&origin=B%26B%20Hotel%20M%C3%BCnchen-Hbf%2C%20Arnulfstra%C3%9Fe%2030%2C%2080335%20M%C3%BCnchen%2C%20Germany&destination=Karlsplatz%2C%20Munich%2C%20Germany&travelmode=walking&waypoints=Marienplatz%2C%20Munich%2C%20Germany%7CNeues%20Rathaus%2C%20Marienplatz%2C%20Munich%2C%20Germany%7CFrauenkirche%2C%20Munich%2C%20Germany%7CViktualienmarkt%2C%20Munich%2C%20Germany
day-2026-11-19,19 nov,Munique — chegada,2,transport,Transporte,München Hauptbahnhof,"München Hauptbahnhof, Germany",48.140228,11.558338,train,Trem,S8 ou S1 → Hbf (~40 min),https://www.google.com/maps/dir/?api=1&origin=Munich%20Airport%2C%20Germany&destination=M%C3%BCnchen%20Hauptbahnhof%2C%20Germany&travelmode=transit,https://www.google.com/maps/search/?api=1&query=M%C3%BCnchen%20Hauptbahnhof%2C%20Germany,https://www.google.com/maps/dir/?api=1&origin=B%26B%20Hotel%20M%C3%BCnchen-Hbf%2C%20Arnulfstra%C3%9Fe%2030%2C%2080335%20M%C3%BCnchen%2C%20Germany&destination=Karlsplatz%2C%20Munich%2C%20Germany&travelmode=walking&waypoints=Marienplatz%2C%20Munich%2C%20Germany%7CNeues%20Rathaus%2C%20Marienplatz%2C%20Munich%2C%20Germany%7CFrauenkirche%2C%20Munich%2C%20Germany%7CViktualienmarkt%2C%20Munich%2C%20Germany
day-2026-11-19,19 nov,Munique — chegada,3,hotel,Hotel,B&B Hotel München-Hbf,"B&B Hotel München-Hbf, Arnulfstraße 30, 80335 München, Germany",48.144472,11.559389,walk,A pé,Check-in · ~5 min do Hbf,https://www.google.com/maps/dir/?api=1&origin=M%C3%BCnchen%20Hauptbahnhof%2C%20Germany&destination=B%26B%20Hotel%20M%C3%BCnchen-Hbf%2C%20Arnulfstra%C3%9Fe%2030%2C%2080335%20M%C3%BCnchen%2C%20Germany&travelmode=walking,https://www.google.com/maps/search/?api=1&query=B%26B%20Hotel%20M%C3%BCnchen-Hbf%2C%20Arnulfstra%C3%9Fe%2030%2C%2080335%20M%C3%BCnchen%2C%20Germany,https://www.google.com/maps/dir/?api=1&origin=B%26B%20Hotel%20M%C3%BCnchen-Hbf%2C%20Arnulfstra%C3%9Fe%2030%2C%2080335%20M%C3%BCnchen%2C%20Germany&destination=Karlsplatz%2C%20Munich%2C%20Germany&travelmode=walking&waypoints=Marienplatz%2C%20Munich%2C%20Germany%7CNeues%20Rathaus%2C%20Marienplatz%2C%20Munich%2C%20Germany%7CFrauenkirche%2C%20Munich%2C%20Germany%7CViktualienmarkt%2C%20Munich%2C%20Germany
day-2026-11-19,19 nov,Munique — chegada,4,sight,Ponto turístico,Marienplatz,"Marienplatz, Munich, Germany",48.137154,11.575382,metro,Metro,S-Bahn ou U5 → Marienplatz,https://www.google.com/maps/dir/?api=1&origin=B%26B%20Hotel%20M%C3%BCnchen-Hbf%2C%20Arnulfstra%C3%9Fe%2030%2C%2080335%20M%C3%BCnchen%2C%20Germany&destination=Marienplatz%2C%20Munich%2C%20Germany&travelmode=transit,https://www.google.com/maps/search/?api=1&query=Marienplatz%2C%20Munich%2C%20Germany,https://www.google.com/maps/dir/?api=1&origin=B%26B%20Hotel%20M%C3%BCnchen-Hbf%2C%20Arnulfstra%C3%9Fe%2030%2C%2080335%20M%C3%BCnchen%2C%20Germany&destination=Karlsplatz%2C%20Munich%2C%20Germany&travelmode=walking&waypoints=Marienplatz%2C%20Munich%2C%20Germany%7CNeues%20Rathaus%2C%20Marienplatz%2C%20Munich%2C%20Germany%7CFrauenkirche%2C%20Munich%2C%20Germany%7CViktualienmarkt%2C%20Munich%2C%20Germany
day-2026-11-19,19 nov,Munique — chegada,5,sight,Ponto turístico,Neues Rathaus,"Neues Rathaus, Marienplatz, Munich, Germany",48.137408,11.575863,walk,A pé,~2 min,https://www.google.com/maps/dir/?api=1&origin=Marienplatz%2C%20Munich%2C%20Germany&destination=Neues%20Rathaus%2C%20Marienplatz%2C%20Munich%2C%20Germany&travelmode=walking,https://www.google.com/maps/search/?api=1&query=Neues%20Rathaus%2C%20Marienplatz%2C%20Munich%2C%20Germany,https://www.google.com/maps/dir/?api=1&origin=B%26B%20Hotel%20M%C3%BCnchen-Hbf%2C%20Arnulfstra%C3%9Fe%2030%2C%2080335%20M%C3%BCnchen%2C%20Germany&destination=Karlsplatz%2C%20Munich%2C%20Germany&travelmode=walking&waypoints=Marienplatz%2C%20Munich%2C%20Germany%7CNeues%20Rathaus%2C%20Marienplatz%2C%20Munich%2C%20Germany%7CFrauenkirche%2C%20Munich%2C%20Germany%7CViktualienmarkt%2C%20Munich%2C%20Germany
day-2026-11-19,19 nov,Munique — chegada,6,sight,Ponto turístico,Frauenkirche,"Frauenkirche, Munich, Germany",48.138796,11.573591,walk,A pé,~3 min,https://www.google.com/maps/dir/?api=1&origin=Neues%20Rathaus%2C%20Marienplatz%2C%20Munich%2C%20Germany&destination=Frauenkirche%2C%20Munich%2C%20Germany&travelmode=walking,https://www.google.com/maps/search/?api=1&query=Frauenkirche%2C%20Munich%2C%20Germany,https://www.google.com/maps/dir/?api=1&origin=B%26B%20Hotel%20M%C3%BCnchen-Hbf%2C%20Arnulfstra%C3%9Fe%2030%2C%2080335%20M%C3%BCnchen%2C%20Germany&destination=Karlsplatz%2C%20Munich%2C%20Germany&travelmode=walking&waypoints=Marienplatz%2C%20Munich%2C%20Germany%7CNeues%20Rathaus%2C%20Marienplatz%2C%20Munich%2C%20Germany%7CFrauenkirche%2C%20Munich%2C%20Germany%7CViktualienmarkt%2C%20Munich%2C%20Germany
day-2026-11-19,19 nov,Munique — chegada,7,sight,Ponto turístico,Viktualienmarkt,"Viktualienmarkt, Munich, Germany",48.135125,11.576203,walk,A pé,~2 min,https://www.google.com/maps/dir/?api=1&origin=Frauenkirche%2C%20Munich%2C%20Germany&destination=Viktualienmarkt%2C%20Munich%2C%20Germany&travelmode=walking,https://www.google.com/maps/search/?api=1&query=Viktualienmarkt%2C%20Munich%2C%20Germany,https://www.google.com/maps/dir/?api=1&origin=B%26B%20Hotel%20M%C3%BCnchen-Hbf%2C%20Arnulfstra%C3%9Fe%2030%2C%2080335%20M%C3%BCnchen%2C%20Germany&destination=Karlsplatz%2C%20Munich%2C%20Germany&travelmode=walking&waypoints=Marienplatz%2C%20Munich%2C%20Germany%7CNeues%20Rathaus%2C%20Marienplatz%2C%20Munich%2C%20Germany%7CFrauenkirche%2C%20Munich%2C%20Germany%7CViktualienmarkt%2C%20Munich%2C%20Germany
day-2026-11-19,19 nov,Munique — chegada,8,sight,Ponto turístico,Karlsplatz (Stachus),"Karlsplatz, Munich, Germany",48.139003,11.565369,walk,A pé,~8 min,https://www.google.com/maps/dir/?api=1&origin=Viktualienmarkt%2C%20Munich%2C%20Germany&destination=Karlsplatz%2C%20Munich%2C%20Germany&travelmode=walking,https://www.google.com/maps/search/?api=1&query=Karlsplatz%2C%20Munich%2C%20Germany,https://www.google.com/maps/dir/?api=1&origin=B%26B%20Hotel%20M%C3%BCnchen-Hbf%2C%20Arnulfstra%C3%9Fe%2030%2C%2080335%20M%C3%BCnchen%2C%20Germany&destination=Karlsplatz%2C%20Munich%2C%20Germany&travelmode=walking&waypoints=Marienplatz%2C%20Munich%2C%20Germany%7CNeues%20Rathaus%2C%20Marienplatz%2C%20Munich%2C%20Germany%7CFrauenkirche%2C%20Munich%2C%20Germany%7CViktualienmarkt%2C%20Munich%2C%20Germany
day-2026-11-20,20 nov,Munique — Englischer Garten,1,hotel,Hotel,B&B Hotel München-Hbf,"B&B Hotel München-Hbf, Arnulfstraße 30, München, Germany",48.144472,11.559389,,,,,https://www.google.com/maps/search/?api=1&query=B%26B%20Hotel%20M%C3%BCnchen-Hbf%2C%20Arnulfstra%C3%9Fe%2030%2C%20M%C3%BCnchen%2C%20Germany,https://www.google.com/maps/dir/?api=1&origin=B%26B%20Hotel%20M%C3%BCnchen-Hbf%2C%20Arnulfstra%C3%9Fe%2030%2C%20M%C3%BCnchen%2C%20Germany&destination=Glockenbachviertel%2C%20Munich%2C%20Germany&travelmode=walking&waypoints=Hofgarten%2C%20Munich%2C%20Germany%7COdeonsplatz%2C%20Munich%2C%20Germany%7CSiegestor%2C%20Munich%2C%20Germany%7CEnglischer%20Garten%2C%20Munich%2C%20Germany%7CChinesischer%20Turm%2C%20Englischer%20Garten%2C%20Munich%2C%20Germany%7CEisbachwelle%2C%20Munich%2C%20Germany%7CG%C3%A4rtnerplatz%2C%20Munich%2C%20Germany%7CKaufingerstra%C3%9Fe%2C%20Munich%2C%20Germany
day-2026-11-20,20 nov,Munique — Englischer Garten,2,sight,Ponto turístico,Hofgarten,"Hofgarten, Munich, Germany",48.142883,11.579620,metro,Metro,U4 Hbf → Odeonsplatz,https://www.google.com/maps/dir/?api=1&origin=B%26B%20Hotel%20M%C3%BCnchen-Hbf%2C%20Arnulfstra%C3%9Fe%2030%2C%20M%C3%BCnchen%2C%20Germany&destination=Hofgarten%2C%20Munich%2C%20Germany&travelmode=transit,https://www.google.com/maps/search/?api=1&query=Hofgarten%2C%20Munich%2C%20Germany,https://www.google.com/maps/dir/?api=1&origin=B%26B%20Hotel%20M%C3%BCnchen-Hbf%2C%20Arnulfstra%C3%9Fe%2030%2C%20M%C3%BCnchen%2C%20Germany&destination=Glockenbachviertel%2C%20Munich%2C%20Germany&travelmode=walking&waypoints=Hofgarten%2C%20Munich%2C%20Germany%7COdeonsplatz%2C%20Munich%2C%20Germany%7CSiegestor%2C%20Munich%2C%20Germany%7CEnglischer%20Garten%2C%20Munich%2C%20Germany%7CChinesischer%20Turm%2C%20Englischer%20Garten%2C%20Munich%2C%20Germany%7CEisbachwelle%2C%20Munich%2C%20Germany%7CG%C3%A4rtnerplatz%2C%20Munich%2C%20Germany%7CKaufingerstra%C3%9Fe%2C%20Munich%2C%20Germany
day-2026-11-20,20 nov,Munique — Englischer Garten,3,sight,Ponto turístico,Odeonsplatz,"Odeonsplatz, Munich, Germany",48.142487,11.577944,walk,A pé,~3 min ao Hofgarten,https://www.google.com/maps/dir/?api=1&origin=Hofgarten%2C%20Munich%2C%20Germany&destination=Odeonsplatz%2C%20Munich%2C%20Germany&travelmode=walking,https://www.google.com/maps/search/?api=1&query=Odeonsplatz%2C%20Munich%2C%20Germany,https://www.google.com/maps/dir/?api=1&origin=B%26B%20Hotel%20M%C3%BCnchen-Hbf%2C%20Arnulfstra%C3%9Fe%2030%2C%20M%C3%BCnchen%2C%20Germany&destination=Glockenbachviertel%2C%20Munich%2C%20Germany&travelmode=walking&waypoints=Hofgarten%2C%20Munich%2C%20Germany%7COdeonsplatz%2C%20Munich%2C%20Germany%7CSiegestor%2C%20Munich%2C%20Germany%7CEnglischer%20Garten%2C%20Munich%2C%20Germany%7CChinesischer%20Turm%2C%20Englischer%20Garten%2C%20Munich%2C%20Germany%7CEisbachwelle%2C%20Munich%2C%20Germany%7CG%C3%A4rtnerplatz%2C%20Munich%2C%20Germany%7CKaufingerstra%C3%9Fe%2C%20Munich%2C%20Germany
day-2026-11-20,20 nov,Munique — Englischer Garten,4,sight,Ponto turístico,Siegestor,"Siegestor, Munich, Germany",48.151000,11.586000,walk,A pé,Ludwigstraße / Siegestor,https://www.google.com/maps/dir/?api=1&origin=Odeonsplatz%2C%20Munich%2C%20Germany&destination=Siegestor%2C%20Munich%2C%20Germany&travelmode=walking,https://www.google.com/maps/search/?api=1&query=Siegestor%2C%20Munich%2C%20Germany,https://www.google.com/maps/dir/?api=1&origin=B%26B%20Hotel%20M%C3%BCnchen-Hbf%2C%20Arnulfstra%C3%9Fe%2030%2C%20M%C3%BCnchen%2C%20Germany&destination=Glockenbachviertel%2C%20Munich%2C%20Germany&travelmode=walking&waypoints=Hofgarten%2C%20Munich%2C%20Germany%7COdeonsplatz%2C%20Munich%2C%20Germany%7CSiegestor%2C%20Munich%2C%20Germany%7CEnglischer%20Garten%2C%20Munich%2C%20Germany%7CChinesischer%20Turm%2C%20Englischer%20Garten%2C%20Munich%2C%20Germany%7CEisbachwelle%2C%20Munich%2C%20Germany%7CG%C3%A4rtnerplatz%2C%20Munich%2C%20Germany%7CKaufingerstra%C3%9Fe%2C%20Munich%2C%20Germany
day-2026-11-20,20 nov,Munique — Englischer Garten,5,sight,Ponto turístico,Englischer Garten,"Englischer Garten, Munich, Germany",48.163972,11.601542,metro,Metro,U3 ou U6 → parque,https://www.google.com/maps/dir/?api=1&origin=Siegestor%2C%20Munich%2C%20Germany&destination=Englischer%20Garten%2C%20Munich%2C%20Germany&travelmode=transit,https://www.google.com/maps/search/?api=1&query=Englischer%20Garten%2C%20Munich%2C%20Germany,https://www.google.com/maps/dir/?api=1&origin=B%26B%20Hotel%20M%C3%BCnchen-Hbf%2C%20Arnulfstra%C3%9Fe%2030%2C%20M%C3%BCnchen%2C%20Germany&destination=Glockenbachviertel%2C%20Munich%2C%20Germany&travelmode=walking&waypoints=Hofgarten%2C%20Munich%2C%20Germany%7COdeonsplatz%2C%20Munich%2C%20Germany%7CSiegestor%2C%20Munich%2C%20Germany%7CEnglischer%20Garten%2C%20Munich%2C%20Germany%7CChinesischer%20Turm%2C%20Englischer%20Garten%2C%20Munich%2C%20Germany%7CEisbachwelle%2C%20Munich%2C%20Germany%7CG%C3%A4rtnerplatz%2C%20Munich%2C%20Germany%7CKaufingerstra%C3%9Fe%2C%20Munich%2C%20Germany
day-2026-11-20,20 nov,Munique — Englischer Garten,6,sight,Ponto turístico,Chinesischer Turm,"Chinesischer Turm, Englischer Garten, Munich, Germany",48.152222,11.592222,walk,A pé,Dentro do parque,https://www.google.com/maps/dir/?api=1&origin=Englischer%20Garten%2C%20Munich%2C%20Germany&destination=Chinesischer%20Turm%2C%20Englischer%20Garten%2C%20Munich%2C%20Germany&travelmode=walking,https://www.google.com/maps/search/?api=1&query=Chinesischer%20Turm%2C%20Englischer%20Garten%2C%20Munich%2C%20Germany,https://www.google.com/maps/dir/?api=1&origin=B%26B%20Hotel%20M%C3%BCnchen-Hbf%2C%20Arnulfstra%C3%9Fe%2030%2C%20M%C3%BCnchen%2C%20Germany&destination=Glockenbachviertel%2C%20Munich%2C%20Germany&travelmode=walking&waypoints=Hofgarten%2C%20Munich%2C%20Germany%7COdeonsplatz%2C%20Munich%2C%20Germany%7CSiegestor%2C%20Munich%2C%20Germany%7CEnglischer%20Garten%2C%20Munich%2C%20Germany%7CChinesischer%20Turm%2C%20Englischer%20Garten%2C%20Munich%2C%20Germany%7CEisbachwelle%2C%20Munich%2C%20Germany%7CG%C3%A4rtnerplatz%2C%20Munich%2C%20Germany%7CKaufingerstra%C3%9Fe%2C%20Munich%2C%20Germany
day-2026-11-20,20 nov,Munique — Englischer Garten,7,sight,Ponto turístico,Eisbachwelle,"Eisbachwelle, Munich, Germany",48.143611,11.587778,walk,A pé,Eisbach → Chinesischer Turm,https://www.google.com/maps/dir/?api=1&origin=Chinesischer%20Turm%2C%20Englischer%20Garten%2C%20Munich%2C%20Germany&destination=Eisbachwelle%2C%20Munich%2C%20Germany&travelmode=walking,https://www.google.com/maps/search/?api=1&query=Eisbachwelle%2C%20Munich%2C%20Germany,https://www.google.com/maps/dir/?api=1&origin=B%26B%20Hotel%20M%C3%BCnchen-Hbf%2C%20Arnulfstra%C3%9Fe%2030%2C%20M%C3%BCnchen%2C%20Germany&destination=Glockenbachviertel%2C%20Munich%2C%20Germany&travelmode=walking&waypoints=Hofgarten%2C%20Munich%2C%20Germany%7COdeonsplatz%2C%20Munich%2C%20Germany%7CSiegestor%2C%20Munich%2C%20Germany%7CEnglischer%20Garten%2C%20Munich%2C%20Germany%7CChinesischer%20Turm%2C%20Englischer%20Garten%2C%20Munich%2C%20Germany%7CEisbachwelle%2C%20Munich%2C%20Germany%7CG%C3%A4rtnerplatz%2C%20Munich%2C%20Germany%7CKaufingerstra%C3%9Fe%2C%20Munich%2C%20Germany
day-2026-11-20,20 nov,Munique — Englischer Garten,8,sight,Ponto turístico,Isar (Gärtnerplatz),"Gärtnerplatz, Munich, Germany",48.129722,11.569722,metro,Metro,U3/U6 → Sendlinger Tor,https://www.google.com/maps/dir/?api=1&origin=Eisbachwelle%2C%20Munich%2C%20Germany&destination=G%C3%A4rtnerplatz%2C%20Munich%2C%20Germany&travelmode=transit,https://www.google.com/maps/search/?api=1&query=G%C3%A4rtnerplatz%2C%20Munich%2C%20Germany,https://www.google.com/maps/dir/?api=1&origin=B%26B%20Hotel%20M%C3%BCnchen-Hbf%2C%20Arnulfstra%C3%9Fe%2030%2C%20M%C3%BCnchen%2C%20Germany&destination=Glockenbachviertel%2C%20Munich%2C%20Germany&travelmode=walking&waypoints=Hofgarten%2C%20Munich%2C%20Germany%7COdeonsplatz%2C%20Munich%2C%20Germany%7CSiegestor%2C%20Munich%2C%20Germany%7CEnglischer%20Garten%2C%20Munich%2C%20Germany%7CChinesischer%20Turm%2C%20Englischer%20Garten%2C%20Munich%2C%20Germany%7CEisbachwelle%2C%20Munich%2C%20Germany%7CG%C3%A4rtnerplatz%2C%20Munich%2C%20Germany%7CKaufingerstra%C3%9Fe%2C%20Munich%2C%20Germany
day-2026-11-20,20 nov,Munique — Englischer Garten,9,sight,Ponto turístico,Kaufingerstraße,"Kaufingerstraße, Munich, Germany",48.137222,11.570833,walk,A pé,Kaufingerstraße,https://www.google.com/maps/dir/?api=1&origin=G%C3%A4rtnerplatz%2C%20Munich%2C%20Germany&destination=Kaufingerstra%C3%9Fe%2C%20Munich%2C%20Germany&travelmode=walking,https://www.google.com/maps/search/?api=1&query=Kaufingerstra%C3%9Fe%2C%20Munich%2C%20Germany,https://www.google.com/maps/dir/?api=1&origin=B%26B%20Hotel%20M%C3%BCnchen-Hbf%2C%20Arnulfstra%C3%9Fe%2030%2C%20M%C3%BCnchen%2C%20Germany&destination=Glockenbachviertel%2C%20Munich%2C%20Germany&travelmode=walking&waypoints=Hofgarten%2C%20Munich%2C%20Germany%7COdeonsplatz%2C%20Munich%2C%20Germany%7CSiegestor%2C%20Munich%2C%20Germany%7CEnglischer%20Garten%2C%20Munich%2C%20Germany%7CChinesischer%20Turm%2C%20Englischer%20Garten%2C%20Munich%2C%20Germany%7CEisbachwelle%2C%20Munich%2C%20Germany%7CG%C3%A4rtnerplatz%2C%20Munich%2C%20Germany%7CKaufingerstra%C3%9Fe%2C%20Munich%2C%20Germany
day-2026-11-20,20 nov,Munique — Englischer Garten,10,night,Noite,Glockenbachviertel (noite),"Glockenbachviertel, Munich, Germany",48.127800,11.575000,walk,A pé,Glockenbach,https://www.google.com/maps/dir/?api=1&origin=Kaufingerstra%C3%9Fe%2C%20Munich%2C%20Germany&destination=Glockenbachviertel%2C%20Munich%2C%20Germany&travelmode=walking,https://www.google.com/maps/search/?api=1&query=Glockenbachviertel%2C%20Munich%2C%20Germany,https://www.google.com/maps/dir/?api=1&origin=B%26B%20Hotel%20M%C3%BCnchen-Hbf%2C%20Arnulfstra%C3%9Fe%2030%2C%20M%C3%BCnchen%2C%20Germany&destination=Glockenbachviertel%2C%20Munich%2C%20Germany&travelmode=walking&waypoints=Hofgarten%2C%20Munich%2C%20Germany%7COdeonsplatz%2C%20Munich%2C%20Germany%7CSiegestor%2C%20Munich%2C%20Germany%7CEnglischer%20Garten%2C%20Munich%2C%20Germany%7CChinesischer%20Turm%2C%20Englischer%20Garten%2C%20Munich%2C%20Germany%7CEisbachwelle%2C%20Munich%2C%20Germany%7CG%C3%A4rtnerplatz%2C%20Munich%2C%20Germany%7CKaufingerstra%C3%9Fe%2C%20Munich%2C%20Germany
day-2026-11-21,21 nov,Neuschwanstein (dia inteiro),1,hotel,Hotel,B&B Hotel München-Hbf,"B&B Hotel München-Hbf, Arnulfstraße 30, München, Germany",48.144472,11.559389,,,,,https://www.google.com/maps/search/?api=1&query=B%26B%20Hotel%20M%C3%BCnchen-Hbf%2C%20Arnulfstra%C3%9Fe%2030%2C%20M%C3%BCnchen%2C%20Germany,https://www.google.com/maps/dir/?api=1&origin=B%26B%20Hotel%20M%C3%BCnchen-Hbf%2C%20Arnulfstra%C3%9Fe%2030%2C%20M%C3%BCnchen%2C%20Germany&destination=Alpsee%2C%2087645%20Schwangau%2C%20Germany&travelmode=walking&waypoints=Schloss%20Hohenschwangau%2C%20Schwangau%2C%20Germany%7CNeuschwanstein%20Castle%2C%20Schwangau%2C%20Germany%7CMarienbr%C3%BCcke%2C%20Schwangau%2C%20Germany
day-2026-11-21,21 nov,Neuschwanstein (dia inteiro),2,transport,Transporte,München ZOB,"München ZOB, Arnulfstraße, Munich, Germany",48.142067,11.549617,walk,A pé,~10 min até ZOB,https://www.google.com/maps/dir/?api=1&origin=B%26B%20Hotel%20M%C3%BCnchen-Hbf%2C%20Arnulfstra%C3%9Fe%2030%2C%20M%C3%BCnchen%2C%20Germany&destination=M%C3%BCnchen%20ZOB%2C%20Arnulfstra%C3%9Fe%2C%20Munich%2C%20Germany&travelmode=walking,https://www.google.com/maps/search/?api=1&query=M%C3%BCnchen%20ZOB%2C%20Arnulfstra%C3%9Fe%2C%20Munich%2C%20Germany,https://www.google.com/maps/dir/?api=1&origin=B%26B%20Hotel%20M%C3%BCnchen-Hbf%2C%20Arnulfstra%C3%9Fe%2030%2C%20M%C3%BCnchen%2C%20Germany&destination=Alpsee%2C%2087645%20Schwangau%2C%20Germany&travelmode=walking&waypoints=Schloss%20Hohenschwangau%2C%20Schwangau%2C%20Germany%7CNeuschwanstein%20Castle%2C%20Schwangau%2C%20Germany%7CMarienbr%C3%BCcke%2C%20Schwangau%2C%20Germany
day-2026-11-21,21 nov,Neuschwanstein (dia inteiro),3,transport,Transporte,Füssen Pulverturm (FlixBus),"Pulverturmstraße 1, 87629 Füssen, Germany",47.568889,10.701389,bus,Ônibus,FlixBus ZOB → Füssen (~2h),https://www.google.com/maps/dir/?api=1&origin=M%C3%BCnchen%20ZOB%2C%20Arnulfstra%C3%9Fe%2C%20Munich%2C%20Germany&destination=Pulverturmstra%C3%9Fe%201%2C%2087629%20F%C3%BCssen%2C%20Germany&travelmode=transit,https://www.google.com/maps/search/?api=1&query=Pulverturmstra%C3%9Fe%201%2C%2087629%20F%C3%BCssen%2C%20Germany,https://www.google.com/maps/dir/?api=1&origin=B%26B%20Hotel%20M%C3%BCnchen-Hbf%2C%20Arnulfstra%C3%9Fe%2030%2C%20M%C3%BCnchen%2C%20Germany&destination=Alpsee%2C%2087645%20Schwangau%2C%20Germany&travelmode=walking&waypoints=Schloss%20Hohenschwangau%2C%20Schwangau%2C%20Germany%7CNeuschwanstein%20Castle%2C%20Schwangau%2C%20Germany%7CMarienbr%C3%BCcke%2C%20Schwangau%2C%20Germany
day-2026-11-21,21 nov,Neuschwanstein (dia inteiro),4,sight,Ponto turístico,Schloss Hohenschwangau,"Schloss Hohenschwangau, Schwangau, Germany",47.555556,10.736111,bus,Ônibus,Autocarro/regional → castelos,https://www.google.com/maps/dir/?api=1&origin=Pulverturmstra%C3%9Fe%201%2C%2087629%20F%C3%BCssen%2C%20Germany&destination=Schloss%20Hohenschwangau%2C%20Schwangau%2C%20Germany&travelmode=transit,https://www.google.com/maps/search/?api=1&query=Schloss%20Hohenschwangau%2C%20Schwangau%2C%20Germany,https://www.google.com/maps/dir/?api=1&origin=B%26B%20Hotel%20M%C3%BCnchen-Hbf%2C%20Arnulfstra%C3%9Fe%2030%2C%20M%C3%BCnchen%2C%20Germany&destination=Alpsee%2C%2087645%20Schwangau%2C%20Germany&travelmode=walking&waypoints=Schloss%20Hohenschwangau%2C%20Schwangau%2C%20Germany%7CNeuschwanstein%20Castle%2C%20Schwangau%2C%20Germany%7CMarienbr%C3%BCcke%2C%20Schwangau%2C%20Germany
day-2026-11-21,21 nov,Neuschwanstein (dia inteiro),5,sight,Ponto turístico,Neuschwanstein Castle,"Neuschwanstein Castle, Schwangau, Germany",47.557574,10.749800,walk,A pé,Subida ao castelo,https://www.google.com/maps/dir/?api=1&origin=Schloss%20Hohenschwangau%2C%20Schwangau%2C%20Germany&destination=Neuschwanstein%20Castle%2C%20Schwangau%2C%20Germany&travelmode=walking,https://www.google.com/maps/search/?api=1&query=Neuschwanstein%20Castle%2C%20Schwangau%2C%20Germany,https://www.google.com/maps/dir/?api=1&origin=B%26B%20Hotel%20M%C3%BCnchen-Hbf%2C%20Arnulfstra%C3%9Fe%2030%2C%20M%C3%BCnchen%2C%20Germany&destination=Alpsee%2C%2087645%20Schwangau%2C%20Germany&travelmode=walking&waypoints=Schloss%20Hohenschwangau%2C%20Schwangau%2C%20Germany%7CNeuschwanstein%20Castle%2C%20Schwangau%2C%20Germany%7CMarienbr%C3%BCcke%2C%20Schwangau%2C%20Germany
day-2026-11-21,21 nov,Neuschwanstein (dia inteiro),6,sight,Ponto turístico,Marienbrücke,"Marienbrücke, Schwangau, Germany",47.559000,10.741500,walk,A pé,Marienbrücke,https://www.google.com/maps/dir/?api=1&origin=Neuschwanstein%20Castle%2C%20Schwangau%2C%20Germany&destination=Marienbr%C3%BCcke%2C%20Schwangau%2C%20Germany&travelmode=walking,https://www.google.com/maps/search/?api=1&query=Marienbr%C3%BCcke%2C%20Schwangau%2C%20Germany,https://www.google.com/maps/dir/?api=1&origin=B%26B%20Hotel%20M%C3%BCnchen-Hbf%2C%20Arnulfstra%C3%9Fe%2030%2C%20M%C3%BCnchen%2C%20Germany&destination=Alpsee%2C%2087645%20Schwangau%2C%20Germany&travelmode=walking&waypoints=Schloss%20Hohenschwangau%2C%20Schwangau%2C%20Germany%7CNeuschwanstein%20Castle%2C%20Schwangau%2C%20Germany%7CMarienbr%C3%BCcke%2C%20Schwangau%2C%20Germany
day-2026-11-21,21 nov,Neuschwanstein (dia inteiro),7,sight,Ponto turístico,Alpsee (opcional),"Alpsee, 87645 Schwangau, Germany",47.548611,10.736111,walk,A pé,Opcional · lago,https://www.google.com/maps/dir/?api=1&origin=Marienbr%C3%BCcke%2C%20Schwangau%2C%20Germany&destination=Alpsee%2C%2087645%20Schwangau%2C%20Germany&travelmode=walking,https://www.google.com/maps/search/?api=1&query=Alpsee%2C%2087645%20Schwangau%2C%20Germany,https://www.google.com/maps/dir/?api=1&origin=B%26B%20Hotel%20M%C3%BCnchen-Hbf%2C%20Arnulfstra%C3%9Fe%2030%2C%20M%C3%BCnchen%2C%20Germany&destination=Alpsee%2C%2087645%20Schwangau%2C%20Germany&travelmode=walking&waypoints=Schloss%20Hohenschwangau%2C%20Schwangau%2C%20Germany%7CNeuschwanstein%20Castle%2C%20Schwangau%2C%20Germany%7CMarienbr%C3%BCcke%2C%20Schwangau%2C%20Germany
day-2026-11-21,21 nov,Neuschwanstein (dia inteiro),8,transport,Transporte,Füssen Pulverturm (volta),"Pulverturmstraße 1, 87629 Füssen, Germany",47.568889,10.701389,bus,Ônibus,Descida → Pulverturm,https://www.google.com/maps/dir/?api=1&origin=Alpsee%2C%2087645%20Schwangau%2C%20Germany&destination=Pulverturmstra%C3%9Fe%201%2C%2087629%20F%C3%BCssen%2C%20Germany&travelmode=transit,https://www.google.com/maps/search/?api=1&query=Pulverturmstra%C3%9Fe%201%2C%2087629%20F%C3%BCssen%2C%20Germany,https://www.google.com/maps/dir/?api=1&origin=B%26B%20Hotel%20M%C3%BCnchen-Hbf%2C%20Arnulfstra%C3%9Fe%2030%2C%20M%C3%BCnchen%2C%20Germany&destination=Alpsee%2C%2087645%20Schwangau%2C%20Germany&travelmode=walking&waypoints=Schloss%20Hohenschwangau%2C%20Schwangau%2C%20Germany%7CNeuschwanstein%20Castle%2C%20Schwangau%2C%20Germany%7CMarienbr%C3%BCcke%2C%20Schwangau%2C%20Germany
day-2026-11-21,21 nov,Neuschwanstein (dia inteiro),9,transport,Transporte,München ZOB,"München ZOB, Munich, Germany",48.142067,11.549617,bus,Ônibus,FlixBus volta (~2h),https://www.google.com/maps/dir/?api=1&origin=Pulverturmstra%C3%9Fe%201%2C%2087629%20F%C3%BCssen%2C%20Germany&destination=M%C3%BCnchen%20ZOB%2C%20Munich%2C%20Germany&travelmode=transit,https://www.google.com/maps/search/?api=1&query=M%C3%BCnchen%20ZOB%2C%20Munich%2C%20Germany,https://www.google.com/maps/dir/?api=1&origin=B%26B%20Hotel%20M%C3%BCnchen-Hbf%2C%20Arnulfstra%C3%9Fe%2030%2C%20M%C3%BCnchen%2C%20Germany&destination=Alpsee%2C%2087645%20Schwangau%2C%20Germany&travelmode=walking&waypoints=Schloss%20Hohenschwangau%2C%20Schwangau%2C%20Germany%7CNeuschwanstein%20Castle%2C%20Schwangau%2C%20Germany%7CMarienbr%C3%BCcke%2C%20Schwangau%2C%20Germany
day-2026-11-22,22 nov,Munique → Salzburgo,1,hotel,Hotel,B&B Hotel München-Hbf (check-out),"B&B Hotel München-Hbf, Arnulfstraße 30, München, Germany",48.144472,11.559389,,,,,https://www.google.com/maps/search/?api=1&query=B%26B%20Hotel%20M%C3%BCnchen-Hbf%2C%20Arnulfstra%C3%9Fe%2030%2C%20M%C3%BCnchen%2C%20Germany,https://www.google.com/maps/dir/?api=1&origin=B%26B%20Hotel%20M%C3%BCnchen-Hbf%2C%20Arnulfstra%C3%9Fe%2030%2C%20M%C3%BCnchen%2C%20Germany&destination=Salzburg%20Cathedral%2C%20Salzburg%2C%20Austria&travelmode=walking&waypoints=Marienplatz%2C%20Munich%2C%20Germany%7CAtel%20Hotel%20Lasserhof%2C%20Lasserstra%C3%9Fe%2047%2C%205020%20Salzburg%2C%20Austria%7CMirabell%20Palace%20and%20Gardens%2C%20Salzburg%2C%20Austria%7CGetreidegasse%2C%20Salzburg%2C%20Austria
day-2026-11-22,22 nov,Munique → Salzburgo,2,sight,Ponto turístico,Marienplatz (se sobrar tempo),"Marienplatz, Munich, Germany",48.137154,11.575382,walk,A pé,Se sobrar tempo,https://www.google.com/maps/dir/?api=1&origin=B%26B%20Hotel%20M%C3%BCnchen-Hbf%2C%20Arnulfstra%C3%9Fe%2030%2C%20M%C3%BCnchen%2C%20Germany&destination=Marienplatz%2C%20Munich%2C%20Germany&travelmode=walking,https://www.google.com/maps/search/?api=1&query=Marienplatz%2C%20Munich%2C%20Germany,https://www.google.com/maps/dir/?api=1&origin=B%26B%20Hotel%20M%C3%BCnchen-Hbf%2C%20Arnulfstra%C3%9Fe%2030%2C%20M%C3%BCnchen%2C%20Germany&destination=Salzburg%20Cathedral%2C%20Salzburg%2C%20Austria&travelmode=walking&waypoints=Marienplatz%2C%20Munich%2C%20Germany%7CAtel%20Hotel%20Lasserhof%2C%20Lasserstra%C3%9Fe%2047%2C%205020%20Salzburg%2C%20Austria%7CMirabell%20Palace%20and%20Gardens%2C%20Salzburg%2C%20Austria%7CGetreidegasse%2C%20Salzburg%2C%20Austria
day-2026-11-22,22 nov,Munique → Salzburgo,3,transport,Transporte,München ZOB,"München ZOB, Munich, Germany",48.142067,11.549617,walk,A pé,Hotel → ZOB,https://www.google.com/maps/dir/?api=1&origin=Marienplatz%2C%20Munich%2C%20Germany&destination=M%C3%BCnchen%20ZOB%2C%20Munich%2C%20Germany&travelmode=walking,https://www.google.com/maps/search/?api=1&query=M%C3%BCnchen%20ZOB%2C%20Munich%2C%20Germany,https://www.google.com/maps/dir/?api=1&origin=B%26B%20Hotel%20M%C3%BCnchen-Hbf%2C%20Arnulfstra%C3%9Fe%2030%2C%20M%C3%BCnchen%2C%20Germany&destination=Salzburg%20Cathedral%2C%20Salzburg%2C%20Austria&travelmode=walking&waypoints=Marienplatz%2C%20Munich%2C%20Germany%7CAtel%20Hotel%20Lasserhof%2C%20Lasserstra%C3%9Fe%2047%2C%205020%20Salzburg%2C%20Austria%7CMirabell%20Palace%20and%20Gardens%2C%20Salzburg%2C%20Austria%7CGetreidegasse%2C%20Salzburg%2C%20Austria
day-2026-11-22,22 nov,Munique → Salzburgo,4,transport,Transporte,Salzburg P+R Süd (FlixBus),"Salzburg P+R Süd, Austria",47.791111,13.047222,bus,Ônibus,FlixBus → P+R Süd (~2h),https://www.google.com/maps/dir/?api=1&origin=M%C3%BCnchen%20ZOB%2C%20Munich%2C%20Germany&destination=Salzburg%20P%2BR%20S%C3%BCd%2C%20Austria&travelmode=transit,https://www.google.com/maps/search/?api=1&query=Salzburg%20P%2BR%20S%C3%BCd%2C%20Austria,https://www.google.com/maps/dir/?api=1&origin=B%26B%20Hotel%20M%C3%BCnchen-Hbf%2C%20Arnulfstra%C3%9Fe%2030%2C%20M%C3%BCnchen%2C%20Germany&destination=Salzburg%20Cathedral%2C%20Salzburg%2C%20Austria&travelmode=walking&waypoints=Marienplatz%2C%20Munich%2C%20Germany%7CAtel%20Hotel%20Lasserhof%2C%20Lasserstra%C3%9Fe%2047%2C%205020%20Salzburg%2C%20Austria%7CMirabell%20Palace%20and%20Gardens%2C%20Salzburg%2C%20Austria%7CGetreidegasse%2C%20Salzburg%2C%20Austria
day-2026-11-22,22 nov,Munique → Salzburgo,5,hotel,Hotel,Atel Hotel Lasserhof,"Atel Hotel Lasserhof, Lasserstraße 47, 5020 Salzburg, Austria",47.804200,13.043100,metro,Metro,P+R → hotel / centro,https://www.google.com/maps/dir/?api=1&origin=Salzburg%20P%2BR%20S%C3%BCd%2C%20Austria&destination=Atel%20Hotel%20Lasserhof%2C%20Lasserstra%C3%9Fe%2047%2C%205020%20Salzburg%2C%20Austria&travelmode=transit,https://www.google.com/maps/search/?api=1&query=Atel%20Hotel%20Lasserhof%2C%20Lasserstra%C3%9Fe%2047%2C%205020%20Salzburg%2C%20Austria,https://www.google.com/maps/dir/?api=1&origin=B%26B%20Hotel%20M%C3%BCnchen-Hbf%2C%20Arnulfstra%C3%9Fe%2030%2C%20M%C3%BCnchen%2C%20Germany&destination=Salzburg%20Cathedral%2C%20Salzburg%2C%20Austria&travelmode=walking&waypoints=Marienplatz%2C%20Munich%2C%20Germany%7CAtel%20Hotel%20Lasserhof%2C%20Lasserstra%C3%9Fe%2047%2C%205020%20Salzburg%2C%20Austria%7CMirabell%20Palace%20and%20Gardens%2C%20Salzburg%2C%20Austria%7CGetreidegasse%2C%20Salzburg%2C%20Austria
day-2026-11-22,22 nov,Munique → Salzburgo,6,sight,Ponto turístico,Mirabellgarten,"Mirabell Palace and Gardens, Salzburg, Austria",47.805833,13.040000,walk,A pé,Mirabellgarten,https://www.google.com/maps/dir/?api=1&origin=Atel%20Hotel%20Lasserhof%2C%20Lasserstra%C3%9Fe%2047%2C%205020%20Salzburg%2C%20Austria&destination=Mirabell%20Palace%20and%20Gardens%2C%20Salzburg%2C%20Austria&travelmode=walking,https://www.google.com/maps/search/?api=1&query=Mirabell%20Palace%20and%20Gardens%2C%20Salzburg%2C%20Austria,https://www.google.com/maps/dir/?api=1&origin=B%26B%20Hotel%20M%C3%BCnchen-Hbf%2C%20Arnulfstra%C3%9Fe%2030%2C%20M%C3%BCnchen%2C%20Germany&destination=Salzburg%20Cathedral%2C%20Salzburg%2C%20Austria&travelmode=walking&waypoints=Marienplatz%2C%20Munich%2C%20Germany%7CAtel%20Hotel%20Lasserhof%2C%20Lasserstra%C3%9Fe%2047%2C%205020%20Salzburg%2C%20Austria%7CMirabell%20Palace%20and%20Gardens%2C%20Salzburg%2C%20Austria%7CGetreidegasse%2C%20Salzburg%2C%20Austria
day-2026-11-22,22 nov,Munique → Salzburgo,7,sight,Ponto turístico,Getreidegasse,"Getreidegasse, Salzburg, Austria",47.800278,13.043333,walk,A pé,Getreidegasse,https://www.google.com/maps/dir/?api=1&origin=Mirabell%20Palace%20and%20Gardens%2C%20Salzburg%2C%20Austria&destination=Getreidegasse%2C%20Salzburg%2C%20Austria&travelmode=walking,https://www.google.com/maps/search/?api=1&query=Getreidegasse%2C%20Salzburg%2C%20Austria,https://www.google.com/maps/dir/?api=1&origin=B%26B%20Hotel%20M%C3%BCnchen-Hbf%2C%20Arnulfstra%C3%9Fe%2030%2C%20M%C3%BCnchen%2C%20Germany&destination=Salzburg%20Cathedral%2C%20Salzburg%2C%20Austria&travelmode=walking&waypoints=Marienplatz%2C%20Munich%2C%20Germany%7CAtel%20Hotel%20Lasserhof%2C%20Lasserstra%C3%9Fe%2047%2C%205020%20Salzburg%2C%20Austria%7CMirabell%20Palace%20and%20Gardens%2C%20Salzburg%2C%20Austria%7CGetreidegasse%2C%20Salzburg%2C%20Austria
day-2026-11-22,22 nov,Munique → Salzburgo,8,sight,Ponto turístico,Salzburger Dom,"Salzburg Cathedral, Salzburg, Austria",47.794444,13.046667,walk,A pé,Dom,https://www.google.com/maps/dir/?api=1&origin=Getreidegasse%2C%20Salzburg%2C%20Austria&destination=Salzburg%20Cathedral%2C%20Salzburg%2C%20Austria&travelmode=walking,https://www.google.com/maps/search/?api=1&query=Salzburg%20Cathedral%2C%20Salzburg%2C%20Austria,https://www.google.com/maps/dir/?api=1&origin=B%26B%20Hotel%20M%C3%BCnchen-Hbf%2C%20Arnulfstra%C3%9Fe%2030%2C%20M%C3%BCnchen%2C%20Germany&destination=Salzburg%20Cathedral%2C%20Salzburg%2C%20Austria&travelmode=walking&waypoints=Marienplatz%2C%20Munich%2C%20Germany%7CAtel%20Hotel%20Lasserhof%2C%20Lasserstra%C3%9Fe%2047%2C%205020%20Salzburg%2C%20Austria%7CMirabell%20Palace%20and%20Gardens%2C%20Salzburg%2C%20Austria%7CGetreidegasse%2C%20Salzburg%2C%20Austria
day-2026-11-23,23 nov,Salzburgo — Festung,1,hotel,Hotel,Atel Hotel Lasserhof,"Atel Hotel Lasserhof, Lasserstraße 47, Salzburg, Austria",47.804200,13.043100,,,,,https://www.google.com/maps/search/?api=1&query=Atel%20Hotel%20Lasserhof%2C%20Lasserstra%C3%9Fe%2047%2C%20Salzburg%2C%20Austria,https://www.google.com/maps/dir/?api=1&origin=Atel%20Hotel%20Lasserhof%2C%20Lasserstra%C3%9Fe%2047%2C%20Salzburg%2C%20Austria&destination=Dark%20Eagle%2C%20Paracelsusstra%C3%9Fe%2011%2C%20Salzburg%2C%20Austria&travelmode=walking&waypoints=Hohensalzburg%20Fortress%2C%20Salzburg%2C%20Austria%7CResidenzplatz%2C%20Salzburg%2C%20Austria%7CSalzburg%20Cathedral%2C%20Salzburg%2C%20Austria%7CGetreidegasse%2C%20Salzburg%2C%20Austria%7CMozartplatz%2C%20Salzburg%2C%20Austria%7CMakartsteg%2C%20Salzburg%2C%20Austria
day-2026-11-23,23 nov,Salzburgo — Festung,2,sight,Ponto turístico,Festung Hohensalzburg,"Hohensalzburg Fortress, Salzburg, Austria",47.794722,13.047778,walk,A pé,Subida · funicular ou pé,https://www.google.com/maps/dir/?api=1&origin=Atel%20Hotel%20Lasserhof%2C%20Lasserstra%C3%9Fe%2047%2C%20Salzburg%2C%20Austria&destination=Hohensalzburg%20Fortress%2C%20Salzburg%2C%20Austria&travelmode=walking,https://www.google.com/maps/search/?api=1&query=Hohensalzburg%20Fortress%2C%20Salzburg%2C%20Austria,https://www.google.com/maps/dir/?api=1&origin=Atel%20Hotel%20Lasserhof%2C%20Lasserstra%C3%9Fe%2047%2C%20Salzburg%2C%20Austria&destination=Dark%20Eagle%2C%20Paracelsusstra%C3%9Fe%2011%2C%20Salzburg%2C%20Austria&travelmode=walking&waypoints=Hohensalzburg%20Fortress%2C%20Salzburg%2C%20Austria%7CResidenzplatz%2C%20Salzburg%2C%20Austria%7CSalzburg%20Cathedral%2C%20Salzburg%2C%20Austria%7CGetreidegasse%2C%20Salzburg%2C%20Austria%7CMozartplatz%2C%20Salzburg%2C%20Austria%7CMakartsteg%2C%20Salzburg%2C%20Austria
day-2026-11-23,23 nov,Salzburgo — Festung,3,sight,Ponto turístico,Residenzplatz,"Residenzplatz, Salzburg, Austria",47.798333,13.045278,walk,A pé,Residenzplatz,https://www.google.com/maps/dir/?api=1&origin=Hohensalzburg%20Fortress%2C%20Salzburg%2C%20Austria&destination=Residenzplatz%2C%20Salzburg%2C%20Austria&travelmode=walking,https://www.google.com/maps/search/?api=1&query=Residenzplatz%2C%20Salzburg%2C%20Austria,https://www.google.com/maps/dir/?api=1&origin=Atel%20Hotel%20Lasserhof%2C%20Lasserstra%C3%9Fe%2047%2C%20Salzburg%2C%20Austria&destination=Dark%20Eagle%2C%20Paracelsusstra%C3%9Fe%2011%2C%20Salzburg%2C%20Austria&travelmode=walking&waypoints=Hohensalzburg%20Fortress%2C%20Salzburg%2C%20Austria%7CResidenzplatz%2C%20Salzburg%2C%20Austria%7CSalzburg%20Cathedral%2C%20Salzburg%2C%20Austria%7CGetreidegasse%2C%20Salzburg%2C%20Austria%7CMozartplatz%2C%20Salzburg%2C%20Austria%7CMakartsteg%2C%20Salzburg%2C%20Austria
day-2026-11-23,23 nov,Salzburgo — Festung,4,sight,Ponto turístico,Salzburger Dom,"Salzburg Cathedral, Salzburg, Austria",47.794444,13.046667,walk,A pé,Dom,https://www.google.com/maps/dir/?api=1&origin=Residenzplatz%2C%20Salzburg%2C%20Austria&destination=Salzburg%20Cathedral%2C%20Salzburg%2C%20Austria&travelmode=walking,https://www.google.com/maps/search/?api=1&query=Salzburg%20Cathedral%2C%20Salzburg%2C%20Austria,https://www.google.com/maps/dir/?api=1&origin=Atel%20Hotel%20Lasserhof%2C%20Lasserstra%C3%9Fe%2047%2C%20Salzburg%2C%20Austria&destination=Dark%20Eagle%2C%20Paracelsusstra%C3%9Fe%2011%2C%20Salzburg%2C%20Austria&travelmode=walking&waypoints=Hohensalzburg%20Fortress%2C%20Salzburg%2C%20Austria%7CResidenzplatz%2C%20Salzburg%2C%20Austria%7CSalzburg%20Cathedral%2C%20Salzburg%2C%20Austria%7CGetreidegasse%2C%20Salzburg%2C%20Austria%7CMozartplatz%2C%20Salzburg%2C%20Austria%7CMakartsteg%2C%20Salzburg%2C%20Austria
day-2026-11-23,23 nov,Salzburgo — Festung,5,sight,Ponto turístico,Getreidegasse,"Getreidegasse, Salzburg, Austria",47.800278,13.043333,walk,A pé,Getreidegasse,https://www.google.com/maps/dir/?api=1&origin=Salzburg%20Cathedral%2C%20Salzburg%2C%20Austria&destination=Getreidegasse%2C%20Salzburg%2C%20Austria&travelmode=walking,https://www.google.com/maps/search/?api=1&query=Getreidegasse%2C%20Salzburg%2C%20Austria,https://www.google.com/maps/dir/?api=1&origin=Atel%20Hotel%20Lasserhof%2C%20Lasserstra%C3%9Fe%2047%2C%20Salzburg%2C%20Austria&destination=Dark%20Eagle%2C%20Paracelsusstra%C3%9Fe%2011%2C%20Salzburg%2C%20Austria&travelmode=walking&waypoints=Hohensalzburg%20Fortress%2C%20Salzburg%2C%20Austria%7CResidenzplatz%2C%20Salzburg%2C%20Austria%7CSalzburg%20Cathedral%2C%20Salzburg%2C%20Austria%7CGetreidegasse%2C%20Salzburg%2C%20Austria%7CMozartplatz%2C%20Salzburg%2C%20Austria%7CMakartsteg%2C%20Salzburg%2C%20Austria
day-2026-11-23,23 nov,Salzburgo — Festung,6,sight,Ponto turístico,Mozartplatz,"Mozartplatz, Salzburg, Austria",47.799444,13.046389,walk,A pé,Mozartplatz,https://www.google.com/maps/dir/?api=1&origin=Getreidegasse%2C%20Salzburg%2C%20Austria&destination=Mozartplatz%2C%20Salzburg%2C%20Austria&travelmode=walking,https://www.google.com/maps/search/?api=1&query=Mozartplatz%2C%20Salzburg%2C%20Austria,https://www.google.com/maps/dir/?api=1&origin=Atel%20Hotel%20Lasserhof%2C%20Lasserstra%C3%9Fe%2047%2C%20Salzburg%2C%20Austria&destination=Dark%20Eagle%2C%20Paracelsusstra%C3%9Fe%2011%2C%20Salzburg%2C%20Austria&travelmode=walking&waypoints=Hohensalzburg%20Fortress%2C%20Salzburg%2C%20Austria%7CResidenzplatz%2C%20Salzburg%2C%20Austria%7CSalzburg%20Cathedral%2C%20Salzburg%2C%20Austria%7CGetreidegasse%2C%20Salzburg%2C%20Austria%7CMozartplatz%2C%20Salzburg%2C%20Austria%7CMakartsteg%2C%20Salzburg%2C%20Austria
day-2026-11-23,23 nov,Salzburgo — Festung,7,sight,Ponto turístico,Makartsteg,"Makartsteg, Salzburg, Austria",47.801944,13.042778,walk,A pé,Makartsteg,https://www.google.com/maps/dir/?api=1&origin=Mozartplatz%2C%20Salzburg%2C%20Austria&destination=Makartsteg%2C%20Salzburg%2C%20Austria&travelmode=walking,https://www.google.com/maps/search/?api=1&query=Makartsteg%2C%20Salzburg%2C%20Austria,https://www.google.com/maps/dir/?api=1&origin=Atel%20Hotel%20Lasserhof%2C%20Lasserstra%C3%9Fe%2047%2C%20Salzburg%2C%20Austria&destination=Dark%20Eagle%2C%20Paracelsusstra%C3%9Fe%2011%2C%20Salzburg%2C%20Austria&travelmode=walking&waypoints=Hohensalzburg%20Fortress%2C%20Salzburg%2C%20Austria%7CResidenzplatz%2C%20Salzburg%2C%20Austria%7CSalzburg%20Cathedral%2C%20Salzburg%2C%20Austria%7CGetreidegasse%2C%20Salzburg%2C%20Austria%7CMozartplatz%2C%20Salzburg%2C%20Austria%7CMakartsteg%2C%20Salzburg%2C%20Austria
day-2026-11-23,23 nov,Salzburgo — Festung,8,night,Noite,Dark Eagle (opcional),"Dark Eagle, Paracelsusstraße 11, Salzburg, Austria",47.802500,13.040800,walk,A pé,Dark Eagle,https://www.google.com/maps/dir/?api=1&origin=Makartsteg%2C%20Salzburg%2C%20Austria&destination=Dark%20Eagle%2C%20Paracelsusstra%C3%9Fe%2011%2C%20Salzburg%2C%20Austria&travelmode=walking,https://www.google.com/maps/search/?api=1&query=Dark%20Eagle%2C%20Paracelsusstra%C3%9Fe%2011%2C%20Salzburg%2C%20Austria,https://www.google.com/maps/dir/?api=1&origin=Atel%20Hotel%20Lasserhof%2C%20Lasserstra%C3%9Fe%2047%2C%20Salzburg%2C%20Austria&destination=Dark%20Eagle%2C%20Paracelsusstra%C3%9Fe%2011%2C%20Salzburg%2C%20Austria&travelmode=walking&waypoints=Hohensalzburg%20Fortress%2C%20Salzburg%2C%20Austria%7CResidenzplatz%2C%20Salzburg%2C%20Austria%7CSalzburg%20Cathedral%2C%20Salzburg%2C%20Austria%7CGetreidegasse%2C%20Salzburg%2C%20Austria%7CMozartplatz%2C%20Salzburg%2C%20Austria%7CMakartsteg%2C%20Salzburg%2C%20Austria
day-2026-11-24,24 nov,Salzburgo → Viena,1,hotel,Hotel,Atel Hotel Lasserhof (check-out),"Atel Hotel Lasserhof, Lasserstraße 47, Salzburg, Austria",47.804200,13.043100,,,,,https://www.google.com/maps/search/?api=1&query=Atel%20Hotel%20Lasserhof%2C%20Lasserstra%C3%9Fe%2047%2C%20Salzburg%2C%20Austria,https://www.google.com/maps/dir/?api=1&origin=Atel%20Hotel%20Lasserhof%2C%20Lasserstra%C3%9Fe%2047%2C%20Salzburg%2C%20Austria&destination=Donaukanal%2C%201020%20Vienna%2C%20Austria&travelmode=walking&waypoints=Hotel%20Zipser%2C%20Lange%20Gasse%2049%2C%201080%20Wien%2C%20Austria%7CPrater%2C%20Vienna%2C%20Austria%7CNaschmarkt%2C%20Vienna%2C%20Austria
day-2026-11-24,24 nov,Salzburgo → Viena,2,transport,Transporte,Salzburg Hauptbahnhof,"Salzburg Hauptbahnhof, Austria",47.812778,13.045556,walk,A pé,Check-out → estação,https://www.google.com/maps/dir/?api=1&origin=Atel%20Hotel%20Lasserhof%2C%20Lasserstra%C3%9Fe%2047%2C%20Salzburg%2C%20Austria&destination=Salzburg%20Hauptbahnhof%2C%20Austria&travelmode=walking,https://www.google.com/maps/search/?api=1&query=Salzburg%20Hauptbahnhof%2C%20Austria,https://www.google.com/maps/dir/?api=1&origin=Atel%20Hotel%20Lasserhof%2C%20Lasserstra%C3%9Fe%2047%2C%20Salzburg%2C%20Austria&destination=Donaukanal%2C%201020%20Vienna%2C%20Austria&travelmode=walking&waypoints=Hotel%20Zipser%2C%20Lange%20Gasse%2049%2C%201080%20Wien%2C%20Austria%7CPrater%2C%20Vienna%2C%20Austria%7CNaschmarkt%2C%20Vienna%2C%20Austria
day-2026-11-24,24 nov,Salzburgo → Viena,3,transport,Transporte,Wien Hauptbahnhof (ICE 10:00),"Wien Hauptbahnhof, Austria",48.185000,16.372778,train,Trem,ICE Salzburg → Wien Hbf,https://www.google.com/maps/dir/?api=1&origin=Salzburg%20Hauptbahnhof%2C%20Austria&destination=Wien%20Hauptbahnhof%2C%20Austria&travelmode=transit,https://www.google.com/maps/search/?api=1&query=Wien%20Hauptbahnhof%2C%20Austria,https://www.google.com/maps/dir/?api=1&origin=Atel%20Hotel%20Lasserhof%2C%20Lasserstra%C3%9Fe%2047%2C%20Salzburg%2C%20Austria&destination=Donaukanal%2C%201020%20Vienna%2C%20Austria&travelmode=walking&waypoints=Hotel%20Zipser%2C%20Lange%20Gasse%2049%2C%201080%20Wien%2C%20Austria%7CPrater%2C%20Vienna%2C%20Austria%7CNaschmarkt%2C%20Vienna%2C%20Austria
day-2026-11-24,24 nov,Salzburgo → Viena,4,hotel,Hotel,Hotel Zipser,"Hotel Zipser, Lange Gasse 49, 1080 Wien, Austria",48.211389,16.347778,metro,Metro,U1/U2 → hotel Zipser,https://www.google.com/maps/dir/?api=1&origin=Wien%20Hauptbahnhof%2C%20Austria&destination=Hotel%20Zipser%2C%20Lange%20Gasse%2049%2C%201080%20Wien%2C%20Austria&travelmode=transit,https://www.google.com/maps/search/?api=1&query=Hotel%20Zipser%2C%20Lange%20Gasse%2049%2C%201080%20Wien%2C%20Austria,https://www.google.com/maps/dir/?api=1&origin=Atel%20Hotel%20Lasserhof%2C%20Lasserstra%C3%9Fe%2047%2C%20Salzburg%2C%20Austria&destination=Donaukanal%2C%201020%20Vienna%2C%20Austria&travelmode=walking&waypoints=Hotel%20Zipser%2C%20Lange%20Gasse%2049%2C%201080%20Wien%2C%20Austria%7CPrater%2C%20Vienna%2C%20Austria%7CNaschmarkt%2C%20Vienna%2C%20Austria
day-2026-11-24,24 nov,Salzburgo → Viena,5,sight,Ponto turístico,Prater,"Prater, Vienna, Austria",48.216111,16.395833,metro,Metro,U2 → Praterstern,https://www.google.com/maps/dir/?api=1&origin=Hotel%20Zipser%2C%20Lange%20Gasse%2049%2C%201080%20Wien%2C%20Austria&destination=Prater%2C%20Vienna%2C%20Austria&travelmode=transit,https://www.google.com/maps/search/?api=1&query=Prater%2C%20Vienna%2C%20Austria,https://www.google.com/maps/dir/?api=1&origin=Atel%20Hotel%20Lasserhof%2C%20Lasserstra%C3%9Fe%2047%2C%20Salzburg%2C%20Austria&destination=Donaukanal%2C%201020%20Vienna%2C%20Austria&travelmode=walking&waypoints=Hotel%20Zipser%2C%20Lange%20Gasse%2049%2C%201080%20Wien%2C%20Austria%7CPrater%2C%20Vienna%2C%20Austria%7CNaschmarkt%2C%20Vienna%2C%20Austria
day-2026-11-24,24 nov,Salzburgo → Viena,6,sight,Ponto turístico,Naschmarkt,"Naschmarkt, Vienna, Austria",48.198611,16.366111,metro,Metro,U1 + U4 → Naschmarkt,https://www.google.com/maps/dir/?api=1&origin=Prater%2C%20Vienna%2C%20Austria&destination=Naschmarkt%2C%20Vienna%2C%20Austria&travelmode=transit,https://www.google.com/maps/search/?api=1&query=Naschmarkt%2C%20Vienna%2C%20Austria,https://www.google.com/maps/dir/?api=1&origin=Atel%20Hotel%20Lasserhof%2C%20Lasserstra%C3%9Fe%2047%2C%20Salzburg%2C%20Austria&destination=Donaukanal%2C%201020%20Vienna%2C%20Austria&travelmode=walking&waypoints=Hotel%20Zipser%2C%20Lange%20Gasse%2049%2C%201080%20Wien%2C%20Austria%7CPrater%2C%20Vienna%2C%20Austria%7CNaschmarkt%2C%20Vienna%2C%20Austria
day-2026-11-24,24 nov,Salzburgo → Viena,7,sight,Ponto turístico,Donaukanal,"Donaukanal, 1020 Vienna, Austria",48.218889,16.378333,metro,Metro,U4/U2 → Donaukanal,https://www.google.com/maps/dir/?api=1&origin=Naschmarkt%2C%20Vienna%2C%20Austria&destination=Donaukanal%2C%201020%20Vienna%2C%20Austria&travelmode=transit,https://www.google.com/maps/search/?api=1&query=Donaukanal%2C%201020%20Vienna%2C%20Austria,https://www.google.com/maps/dir/?api=1&origin=Atel%20Hotel%20Lasserhof%2C%20Lasserstra%C3%9Fe%2047%2C%20Salzburg%2C%20Austria&destination=Donaukanal%2C%201020%20Vienna%2C%20Austria&travelmode=walking&waypoints=Hotel%20Zipser%2C%20Lange%20Gasse%2049%2C%201080%20Wien%2C%20Austria%7CPrater%2C%20Vienna%2C%20Austria%7CNaschmarkt%2C%20Vienna%2C%20Austria
day-2026-11-24,24 nov,Salzburgo → Viena,8,night,Noite,Donaukanal / Village (noite),"Donaukanal, 1020 Vienna, Austria",48.218889,16.378333,walk,A pé,Noite no canal,https://www.google.com/maps/dir/?api=1&origin=Donaukanal%2C%201020%20Vienna%2C%20Austria&destination=Donaukanal%2C%201020%20Vienna%2C%20Austria&travelmode=walking,https://www.google.com/maps/search/?api=1&query=Donaukanal%2C%201020%20Vienna%2C%20Austria,https://www.google.com/maps/dir/?api=1&origin=Atel%20Hotel%20Lasserhof%2C%20Lasserstra%C3%9Fe%2047%2C%20Salzburg%2C%20Austria&destination=Donaukanal%2C%201020%20Vienna%2C%20Austria&travelmode=walking&waypoints=Hotel%20Zipser%2C%20Lange%20Gasse%2049%2C%201080%20Wien%2C%20Austria%7CPrater%2C%20Vienna%2C%20Austria%7CNaschmarkt%2C%20Vienna%2C%20Austria
day-2026-11-25,25 nov,Viena — Schönbrunn e anel,1,hotel,Hotel,Hotel Zipser,"Hotel Zipser, Lange Gasse 49, Wien, Austria",48.211389,16.347778,,,,,https://www.google.com/maps/search/?api=1&query=Hotel%20Zipser%2C%20Lange%20Gasse%2049%2C%20Wien%2C%20Austria,https://www.google.com/maps/dir/?api=1&origin=Hotel%20Zipser%2C%20Lange%20Gasse%2049%2C%20Wien%2C%20Austria&destination=Austrian%20Parliament%20Building%2C%20Vienna%2C%20Austria&travelmode=walking&waypoints=Sch%C3%B6nbrunn%20Palace%2C%20Vienna%2C%20Austria%7CStadtpark%2C%20Vienna%2C%20Austria%7CSt.%20Stephen%27s%20Cathedral%2C%20Vienna%2C%20Austria%7CGraben%2C%20Vienna%2C%20Austria%7CHofburg%20Palace%2C%20Vienna%2C%20Austria%7CVienna%20City%20Hall%2C%20Austria
day-2026-11-25,25 nov,Viena — Schönbrunn e anel,2,sight,Ponto turístico,Schönbrunn Palace,"Schönbrunn Palace, Vienna, Austria",48.184722,16.312222,metro,Metro,U2 + U4 → Schönbrunn,https://www.google.com/maps/dir/?api=1&origin=Hotel%20Zipser%2C%20Lange%20Gasse%2049%2C%20Wien%2C%20Austria&destination=Sch%C3%B6nbrunn%20Palace%2C%20Vienna%2C%20Austria&travelmode=transit,https://www.google.com/maps/search/?api=1&query=Sch%C3%B6nbrunn%20Palace%2C%20Vienna%2C%20Austria,https://www.google.com/maps/dir/?api=1&origin=Hotel%20Zipser%2C%20Lange%20Gasse%2049%2C%20Wien%2C%20Austria&destination=Austrian%20Parliament%20Building%2C%20Vienna%2C%20Austria&travelmode=walking&waypoints=Sch%C3%B6nbrunn%20Palace%2C%20Vienna%2C%20Austria%7CStadtpark%2C%20Vienna%2C%20Austria%7CSt.%20Stephen%27s%20Cathedral%2C%20Vienna%2C%20Austria%7CGraben%2C%20Vienna%2C%20Austria%7CHofburg%20Palace%2C%20Vienna%2C%20Austria%7CVienna%20City%20Hall%2C%20Austria
day-2026-11-25,25 nov,Viena — Schönbrunn e anel,3,sight,Ponto turístico,Stadtpark,"Stadtpark, Vienna, Austria",48.206111,16.381389,metro,Metro,U4 → Stadtpark,https://www.google.com/maps/dir/?api=1&origin=Sch%C3%B6nbrunn%20Palace%2C%20Vienna%2C%20Austria&destination=Stadtpark%2C%20Vienna%2C%20Austria&travelmode=transit,https://www.google.com/maps/search/?api=1&query=Stadtpark%2C%20Vienna%2C%20Austria,https://www.google.com/maps/dir/?api=1&origin=Hotel%20Zipser%2C%20Lange%20Gasse%2049%2C%20Wien%2C%20Austria&destination=Austrian%20Parliament%20Building%2C%20Vienna%2C%20Austria&travelmode=walking&waypoints=Sch%C3%B6nbrunn%20Palace%2C%20Vienna%2C%20Austria%7CStadtpark%2C%20Vienna%2C%20Austria%7CSt.%20Stephen%27s%20Cathedral%2C%20Vienna%2C%20Austria%7CGraben%2C%20Vienna%2C%20Austria%7CHofburg%20Palace%2C%20Vienna%2C%20Austria%7CVienna%20City%20Hall%2C%20Austria
day-2026-11-25,25 nov,Viena — Schönbrunn e anel,4,sight,Ponto turístico,Stephansdom,"St. Stephen's Cathedral, Vienna, Austria",48.208333,16.373056,metro,Metro,U4 ou a pé (~12 min),https://www.google.com/maps/dir/?api=1&origin=Stadtpark%2C%20Vienna%2C%20Austria&destination=St.%20Stephen%27s%20Cathedral%2C%20Vienna%2C%20Austria&travelmode=transit,https://www.google.com/maps/search/?api=1&query=St.%20Stephen%27s%20Cathedral%2C%20Vienna%2C%20Austria,https://www.google.com/maps/dir/?api=1&origin=Hotel%20Zipser%2C%20Lange%20Gasse%2049%2C%20Wien%2C%20Austria&destination=Austrian%20Parliament%20Building%2C%20Vienna%2C%20Austria&travelmode=walking&waypoints=Sch%C3%B6nbrunn%20Palace%2C%20Vienna%2C%20Austria%7CStadtpark%2C%20Vienna%2C%20Austria%7CSt.%20Stephen%27s%20Cathedral%2C%20Vienna%2C%20Austria%7CGraben%2C%20Vienna%2C%20Austria%7CHofburg%20Palace%2C%20Vienna%2C%20Austria%7CVienna%20City%20Hall%2C%20Austria
day-2026-11-25,25 nov,Viena — Schönbrunn e anel,5,sight,Ponto turístico,Graben,"Graben, Vienna, Austria",48.208611,16.368611,walk,A pé,Graben,https://www.google.com/maps/dir/?api=1&origin=St.%20Stephen%27s%20Cathedral%2C%20Vienna%2C%20Austria&destination=Graben%2C%20Vienna%2C%20Austria&travelmode=walking,https://www.google.com/maps/search/?api=1&query=Graben%2C%20Vienna%2C%20Austria,https://www.google.com/maps/dir/?api=1&origin=Hotel%20Zipser%2C%20Lange%20Gasse%2049%2C%20Wien%2C%20Austria&destination=Austrian%20Parliament%20Building%2C%20Vienna%2C%20Austria&travelmode=walking&waypoints=Sch%C3%B6nbrunn%20Palace%2C%20Vienna%2C%20Austria%7CStadtpark%2C%20Vienna%2C%20Austria%7CSt.%20Stephen%27s%20Cathedral%2C%20Vienna%2C%20Austria%7CGraben%2C%20Vienna%2C%20Austria%7CHofburg%20Palace%2C%20Vienna%2C%20Austria%7CVienna%20City%20Hall%2C%20Austria
day-2026-11-25,25 nov,Viena — Schönbrunn e anel,6,sight,Ponto turístico,Hofburg,"Hofburg Palace, Vienna, Austria",48.206111,16.365556,walk,A pé,Hofburg,https://www.google.com/maps/dir/?api=1&origin=Graben%2C%20Vienna%2C%20Austria&destination=Hofburg%20Palace%2C%20Vienna%2C%20Austria&travelmode=walking,https://www.google.com/maps/search/?api=1&query=Hofburg%20Palace%2C%20Vienna%2C%20Austria,https://www.google.com/maps/dir/?api=1&origin=Hotel%20Zipser%2C%20Lange%20Gasse%2049%2C%20Wien%2C%20Austria&destination=Austrian%20Parliament%20Building%2C%20Vienna%2C%20Austria&travelmode=walking&waypoints=Sch%C3%B6nbrunn%20Palace%2C%20Vienna%2C%20Austria%7CStadtpark%2C%20Vienna%2C%20Austria%7CSt.%20Stephen%27s%20Cathedral%2C%20Vienna%2C%20Austria%7CGraben%2C%20Vienna%2C%20Austria%7CHofburg%20Palace%2C%20Vienna%2C%20Austria%7CVienna%20City%20Hall%2C%20Austria
day-2026-11-25,25 nov,Viena — Schönbrunn e anel,7,sight,Ponto turístico,Rathaus,"Vienna City Hall, Austria",48.210833,16.357500,tram,Elétrico,Elétrico 1/2/D no Ring,https://www.google.com/maps/dir/?api=1&origin=Hofburg%20Palace%2C%20Vienna%2C%20Austria&destination=Vienna%20City%20Hall%2C%20Austria&travelmode=transit,https://www.google.com/maps/search/?api=1&query=Vienna%20City%20Hall%2C%20Austria,https://www.google.com/maps/dir/?api=1&origin=Hotel%20Zipser%2C%20Lange%20Gasse%2049%2C%20Wien%2C%20Austria&destination=Austrian%20Parliament%20Building%2C%20Vienna%2C%20Austria&travelmode=walking&waypoints=Sch%C3%B6nbrunn%20Palace%2C%20Vienna%2C%20Austria%7CStadtpark%2C%20Vienna%2C%20Austria%7CSt.%20Stephen%27s%20Cathedral%2C%20Vienna%2C%20Austria%7CGraben%2C%20Vienna%2C%20Austria%7CHofburg%20Palace%2C%20Vienna%2C%20Austria%7CVienna%20City%20Hall%2C%20Austria
day-2026-11-25,25 nov,Viena — Schönbrunn e anel,8,sight,Ponto turístico,Parlamento,"Austrian Parliament Building, Vienna, Austria",48.208056,16.358611,walk,A pé,Parlamento,https://www.google.com/maps/dir/?api=1&origin=Vienna%20City%20Hall%2C%20Austria&destination=Austrian%20Parliament%20Building%2C%20Vienna%2C%20Austria&travelmode=walking,https://www.google.com/maps/search/?api=1&query=Austrian%20Parliament%20Building%2C%20Vienna%2C%20Austria,https://www.google.com/maps/dir/?api=1&origin=Hotel%20Zipser%2C%20Lange%20Gasse%2049%2C%20Wien%2C%20Austria&destination=Austrian%20Parliament%20Building%2C%20Vienna%2C%20Austria&travelmode=walking&waypoints=Sch%C3%B6nbrunn%20Palace%2C%20Vienna%2C%20Austria%7CStadtpark%2C%20Vienna%2C%20Austria%7CSt.%20Stephen%27s%20Cathedral%2C%20Vienna%2C%20Austria%7CGraben%2C%20Vienna%2C%20Austria%7CHofburg%20Palace%2C%20Vienna%2C%20Austria%7CVienna%20City%20Hall%2C%20Austria
day-2026-11-26,26 nov,Viena → Bratislava,1,hotel,Hotel,Hotel Zipser (check-out),"Hotel Zipser, Lange Gasse 49, Wien, Austria",48.211389,16.347778,,,,,https://www.google.com/maps/search/?api=1&query=Hotel%20Zipser%2C%20Lange%20Gasse%2049%2C%20Wien%2C%20Austria,https://www.google.com/maps/dir/?api=1&origin=Hotel%20Zipser%2C%20Lange%20Gasse%2049%2C%20Wien%2C%20Austria&destination=Apollon%20Gay%20Club%2C%20Panensk%C3%A1%2C%20Bratislava%2C%20Slovakia&travelmode=walking&waypoints=Josefst%C3%A4dter%20Stra%C3%9Fe%201%2C%201080%20Wien%2C%20Austria%7CDanubia%20Gate%20Hotel%2C%20Dunajsk%C3%A1%2026%2C%20Bratislava%2C%20Slovakia%7CHlavn%C3%A9%20n%C3%A1mestie%2C%20Bratislava%2C%20Slovakia%7CBratislava%20Castle%2C%20Slovakia
day-2026-11-26,26 nov,Viena → Bratislava,2,sight,Ponto turístico,Josefstadt (manhã livre),"Josefstädter Straße 1, 1080 Wien, Austria",48.210000,16.350000,walk,A pé,Manhã livre,https://www.google.com/maps/dir/?api=1&origin=Hotel%20Zipser%2C%20Lange%20Gasse%2049%2C%20Wien%2C%20Austria&destination=Josefst%C3%A4dter%20Stra%C3%9Fe%201%2C%201080%20Wien%2C%20Austria&travelmode=walking,https://www.google.com/maps/search/?api=1&query=Josefst%C3%A4dter%20Stra%C3%9Fe%201%2C%201080%20Wien%2C%20Austria,https://www.google.com/maps/dir/?api=1&origin=Hotel%20Zipser%2C%20Lange%20Gasse%2049%2C%20Wien%2C%20Austria&destination=Apollon%20Gay%20Club%2C%20Panensk%C3%A1%2C%20Bratislava%2C%20Slovakia&travelmode=walking&waypoints=Josefst%C3%A4dter%20Stra%C3%9Fe%201%2C%201080%20Wien%2C%20Austria%7CDanubia%20Gate%20Hotel%2C%20Dunajsk%C3%A1%2026%2C%20Bratislava%2C%20Slovakia%7CHlavn%C3%A9%20n%C3%A1mestie%2C%20Bratislava%2C%20Slovakia%7CBratislava%20Castle%2C%20Slovakia
day-2026-11-26,26 nov,Viena → Bratislava,3,transport,Transporte,Vienna International Bus Terminal (VIB),"Vienna International Bus Terminal, Austria",48.184722,16.416667,metro,Metro,U-Bahn → VIB,https://www.google.com/maps/dir/?api=1&origin=Josefst%C3%A4dter%20Stra%C3%9Fe%201%2C%201080%20Wien%2C%20Austria&destination=Vienna%20International%20Bus%20Terminal%2C%20Austria&travelmode=transit,https://www.google.com/maps/search/?api=1&query=Vienna%20International%20Bus%20Terminal%2C%20Austria,https://www.google.com/maps/dir/?api=1&origin=Hotel%20Zipser%2C%20Lange%20Gasse%2049%2C%20Wien%2C%20Austria&destination=Apollon%20Gay%20Club%2C%20Panensk%C3%A1%2C%20Bratislava%2C%20Slovakia&travelmode=walking&waypoints=Josefst%C3%A4dter%20Stra%C3%9Fe%201%2C%201080%20Wien%2C%20Austria%7CDanubia%20Gate%20Hotel%2C%20Dunajsk%C3%A1%2026%2C%20Bratislava%2C%20Slovakia%7CHlavn%C3%A9%20n%C3%A1mestie%2C%20Bratislava%2C%20Slovakia%7CBratislava%20Castle%2C%20Slovakia
day-2026-11-26,26 nov,Viena → Bratislava,4,transport,Transporte,Bratislava Most SNP (FlixBus),"Most SNP, Bratislava, Slovakia",48.138333,17.104722,bus,Ônibus,FlixBus VIB → Most SNP,https://www.google.com/maps/dir/?api=1&origin=Vienna%20International%20Bus%20Terminal%2C%20Austria&destination=Most%20SNP%2C%20Bratislava%2C%20Slovakia&travelmode=transit,https://www.google.com/maps/search/?api=1&query=Most%20SNP%2C%20Bratislava%2C%20Slovakia,https://www.google.com/maps/dir/?api=1&origin=Hotel%20Zipser%2C%20Lange%20Gasse%2049%2C%20Wien%2C%20Austria&destination=Apollon%20Gay%20Club%2C%20Panensk%C3%A1%2C%20Bratislava%2C%20Slovakia&travelmode=walking&waypoints=Josefst%C3%A4dter%20Stra%C3%9Fe%201%2C%201080%20Wien%2C%20Austria%7CDanubia%20Gate%20Hotel%2C%20Dunajsk%C3%A1%2026%2C%20Bratislava%2C%20Slovakia%7CHlavn%C3%A9%20n%C3%A1mestie%2C%20Bratislava%2C%20Slovakia%7CBratislava%20Castle%2C%20Slovakia
day-2026-11-26,26 nov,Viena → Bratislava,5,hotel,Hotel,Danubia Gate Hotel,"Danubia Gate Hotel, Dunajská 26, Bratislava, Slovakia",48.141944,17.117778,tram,Elétrico,Elétrico 93 / 1 / 3 / 7,https://www.google.com/maps/dir/?api=1&origin=Most%20SNP%2C%20Bratislava%2C%20Slovakia&destination=Danubia%20Gate%20Hotel%2C%20Dunajsk%C3%A1%2026%2C%20Bratislava%2C%20Slovakia&travelmode=transit,https://www.google.com/maps/search/?api=1&query=Danubia%20Gate%20Hotel%2C%20Dunajsk%C3%A1%2026%2C%20Bratislava%2C%20Slovakia,https://www.google.com/maps/dir/?api=1&origin=Hotel%20Zipser%2C%20Lange%20Gasse%2049%2C%20Wien%2C%20Austria&destination=Apollon%20Gay%20Club%2C%20Panensk%C3%A1%2C%20Bratislava%2C%20Slovakia&travelmode=walking&waypoints=Josefst%C3%A4dter%20Stra%C3%9Fe%201%2C%201080%20Wien%2C%20Austria%7CDanubia%20Gate%20Hotel%2C%20Dunajsk%C3%A1%2026%2C%20Bratislava%2C%20Slovakia%7CHlavn%C3%A9%20n%C3%A1mestie%2C%20Bratislava%2C%20Slovakia%7CBratislava%20Castle%2C%20Slovakia
day-2026-11-26,26 nov,Viena → Bratislava,6,sight,Ponto turístico,Staré Mesto,"Hlavné námestie, Bratislava, Slovakia",48.143889,17.107778,walk,A pé,Staré Mesto,https://www.google.com/maps/dir/?api=1&origin=Danubia%20Gate%20Hotel%2C%20Dunajsk%C3%A1%2026%2C%20Bratislava%2C%20Slovakia&destination=Hlavn%C3%A9%20n%C3%A1mestie%2C%20Bratislava%2C%20Slovakia&travelmode=walking,https://www.google.com/maps/search/?api=1&query=Hlavn%C3%A9%20n%C3%A1mestie%2C%20Bratislava%2C%20Slovakia,https://www.google.com/maps/dir/?api=1&origin=Hotel%20Zipser%2C%20Lange%20Gasse%2049%2C%20Wien%2C%20Austria&destination=Apollon%20Gay%20Club%2C%20Panensk%C3%A1%2C%20Bratislava%2C%20Slovakia&travelmode=walking&waypoints=Josefst%C3%A4dter%20Stra%C3%9Fe%201%2C%201080%20Wien%2C%20Austria%7CDanubia%20Gate%20Hotel%2C%20Dunajsk%C3%A1%2026%2C%20Bratislava%2C%20Slovakia%7CHlavn%C3%A9%20n%C3%A1mestie%2C%20Bratislava%2C%20Slovakia%7CBratislava%20Castle%2C%20Slovakia
day-2026-11-26,26 nov,Viena → Bratislava,7,sight,Ponto turístico,Bratislava Castle,"Bratislava Castle, Slovakia",48.142222,17.100278,walk,A pé,Subida ao castelo,https://www.google.com/maps/dir/?api=1&origin=Hlavn%C3%A9%20n%C3%A1mestie%2C%20Bratislava%2C%20Slovakia&destination=Bratislava%20Castle%2C%20Slovakia&travelmode=walking,https://www.google.com/maps/search/?api=1&query=Bratislava%20Castle%2C%20Slovakia,https://www.google.com/maps/dir/?api=1&origin=Hotel%20Zipser%2C%20Lange%20Gasse%2049%2C%20Wien%2C%20Austria&destination=Apollon%20Gay%20Club%2C%20Panensk%C3%A1%2C%20Bratislava%2C%20Slovakia&travelmode=walking&waypoints=Josefst%C3%A4dter%20Stra%C3%9Fe%201%2C%201080%20Wien%2C%20Austria%7CDanubia%20Gate%20Hotel%2C%20Dunajsk%C3%A1%2026%2C%20Bratislava%2C%20Slovakia%7CHlavn%C3%A9%20n%C3%A1mestie%2C%20Bratislava%2C%20Slovakia%7CBratislava%20Castle%2C%20Slovakia
day-2026-11-26,26 nov,Viena → Bratislava,8,night,Noite,Apollon (opcional),"Apollon Gay Club, Panenská, Bratislava, Slovakia",48.145000,17.110000,walk,A pé,Apollon,https://www.google.com/maps/dir/?api=1&origin=Bratislava%20Castle%2C%20Slovakia&destination=Apollon%20Gay%20Club%2C%20Panensk%C3%A1%2C%20Bratislava%2C%20Slovakia&travelmode=walking,https://www.google.com/maps/search/?api=1&query=Apollon%20Gay%20Club%2C%20Panensk%C3%A1%2C%20Bratislava%2C%20Slovakia,https://www.google.com/maps/dir/?api=1&origin=Hotel%20Zipser%2C%20Lange%20Gasse%2049%2C%20Wien%2C%20Austria&destination=Apollon%20Gay%20Club%2C%20Panensk%C3%A1%2C%20Bratislava%2C%20Slovakia&travelmode=walking&waypoints=Josefst%C3%A4dter%20Stra%C3%9Fe%201%2C%201080%20Wien%2C%20Austria%7CDanubia%20Gate%20Hotel%2C%20Dunajsk%C3%A1%2026%2C%20Bratislava%2C%20Slovakia%7CHlavn%C3%A9%20n%C3%A1mestie%2C%20Bratislava%2C%20Slovakia%7CBratislava%20Castle%2C%20Slovakia
day-2026-11-27,27 nov,Bratislava → Budapeste,1,hotel,Hotel,Danubia Gate Hotel (check-out),"Danubia Gate Hotel, Dunajská 26, Bratislava, Slovakia",48.141944,17.117778,,,,,https://www.google.com/maps/search/?api=1&query=Danubia%20Gate%20Hotel%2C%20Dunajsk%C3%A1%2026%2C%20Bratislava%2C%20Slovakia,https://www.google.com/maps/dir/?api=1&origin=Danubia%20Gate%20Hotel%2C%20Dunajsk%C3%A1%2026%2C%20Bratislava%2C%20Slovakia&destination=Buda%20Castle%2C%20Budapest%2C%20Hungary&travelmode=walking&waypoints=Medos%20Hotel%2C%20R%C3%A1k%C3%B3czi%20%C3%BAt%2040%2C%20Budapest%2C%20Hungary%7CSzent%20Istv%C3%A1n%20t%C3%A9r%201%2C%20Budapest%2C%20Hungary%7CAndr%C3%A1ssy%20Avenue%2C%20Budapest%2C%20Hungary%7CSz%C3%A9chenyi%20Chain%20Bridge%2C%20Budapest%2C%20Hungary
day-2026-11-27,27 nov,Bratislava → Budapeste,2,transport,Transporte,Bratislava Nivy (Mlynské Nivy),"Bratislava Nivy bus station, Slovakia",48.148056,17.128611,walk,A pé,Hotel → Nivy,https://www.google.com/maps/dir/?api=1&origin=Danubia%20Gate%20Hotel%2C%20Dunajsk%C3%A1%2026%2C%20Bratislava%2C%20Slovakia&destination=Bratislava%20Nivy%20bus%20station%2C%20Slovakia&travelmode=walking,https://www.google.com/maps/search/?api=1&query=Bratislava%20Nivy%20bus%20station%2C%20Slovakia,https://www.google.com/maps/dir/?api=1&origin=Danubia%20Gate%20Hotel%2C%20Dunajsk%C3%A1%2026%2C%20Bratislava%2C%20Slovakia&destination=Buda%20Castle%2C%20Budapest%2C%20Hungary&travelmode=walking&waypoints=Medos%20Hotel%2C%20R%C3%A1k%C3%B3czi%20%C3%BAt%2040%2C%20Budapest%2C%20Hungary%7CSzent%20Istv%C3%A1n%20t%C3%A9r%201%2C%20Budapest%2C%20Hungary%7CAndr%C3%A1ssy%20Avenue%2C%20Budapest%2C%20Hungary%7CSz%C3%A9chenyi%20Chain%20Bridge%2C%20Budapest%2C%20Hungary
day-2026-11-27,27 nov,Bratislava → Budapeste,3,transport,Transporte,Budapest Kelenföld (FlixBus),"Budapest Kelenföld, Hungary",47.464722,19.023056,bus,Ônibus,FlixBus → Kelenföld (~2h35),https://www.google.com/maps/dir/?api=1&origin=Bratislava%20Nivy%20bus%20station%2C%20Slovakia&destination=Budapest%20Kelenf%C3%B6ld%2C%20Hungary&travelmode=transit,https://www.google.com/maps/search/?api=1&query=Budapest%20Kelenf%C3%B6ld%2C%20Hungary,https://www.google.com/maps/dir/?api=1&origin=Danubia%20Gate%20Hotel%2C%20Dunajsk%C3%A1%2026%2C%20Bratislava%2C%20Slovakia&destination=Buda%20Castle%2C%20Budapest%2C%20Hungary&travelmode=walking&waypoints=Medos%20Hotel%2C%20R%C3%A1k%C3%B3czi%20%C3%BAt%2040%2C%20Budapest%2C%20Hungary%7CSzent%20Istv%C3%A1n%20t%C3%A9r%201%2C%20Budapest%2C%20Hungary%7CAndr%C3%A1ssy%20Avenue%2C%20Budapest%2C%20Hungary%7CSz%C3%A9chenyi%20Chain%20Bridge%2C%20Budapest%2C%20Hungary
day-2026-11-27,27 nov,Bratislava → Budapeste,4,hotel,Hotel,Medos Hotel,"Medos Hotel, Rákóczi út 40, Budapest, Hungary",47.498611,19.070278,metro,Metro,M4 → Erzsébetváros,https://www.google.com/maps/dir/?api=1&origin=Budapest%20Kelenf%C3%B6ld%2C%20Hungary&destination=Medos%20Hotel%2C%20R%C3%A1k%C3%B3czi%20%C3%BAt%2040%2C%20Budapest%2C%20Hungary&travelmode=transit,https://www.google.com/maps/search/?api=1&query=Medos%20Hotel%2C%20R%C3%A1k%C3%B3czi%20%C3%BAt%2040%2C%20Budapest%2C%20Hungary,https://www.google.com/maps/dir/?api=1&origin=Danubia%20Gate%20Hotel%2C%20Dunajsk%C3%A1%2026%2C%20Bratislava%2C%20Slovakia&destination=Buda%20Castle%2C%20Budapest%2C%20Hungary&travelmode=walking&waypoints=Medos%20Hotel%2C%20R%C3%A1k%C3%B3czi%20%C3%BAt%2040%2C%20Budapest%2C%20Hungary%7CSzent%20Istv%C3%A1n%20t%C3%A9r%201%2C%20Budapest%2C%20Hungary%7CAndr%C3%A1ssy%20Avenue%2C%20Budapest%2C%20Hungary%7CSz%C3%A9chenyi%20Chain%20Bridge%2C%20Budapest%2C%20Hungary
day-2026-11-27,27 nov,Bratislava → Budapeste,5,sight,Ponto turístico,Basílica de Santo Estêvão,"Szent István tér 1, Budapest, Hungary",47.500833,19.053889,walk,A pé,Basílica,https://www.google.com/maps/dir/?api=1&origin=Medos%20Hotel%2C%20R%C3%A1k%C3%B3czi%20%C3%BAt%2040%2C%20Budapest%2C%20Hungary&destination=Szent%20Istv%C3%A1n%20t%C3%A9r%201%2C%20Budapest%2C%20Hungary&travelmode=walking,https://www.google.com/maps/search/?api=1&query=Szent%20Istv%C3%A1n%20t%C3%A9r%201%2C%20Budapest%2C%20Hungary,https://www.google.com/maps/dir/?api=1&origin=Danubia%20Gate%20Hotel%2C%20Dunajsk%C3%A1%2026%2C%20Bratislava%2C%20Slovakia&destination=Buda%20Castle%2C%20Budapest%2C%20Hungary&travelmode=walking&waypoints=Medos%20Hotel%2C%20R%C3%A1k%C3%B3czi%20%C3%BAt%2040%2C%20Budapest%2C%20Hungary%7CSzent%20Istv%C3%A1n%20t%C3%A9r%201%2C%20Budapest%2C%20Hungary%7CAndr%C3%A1ssy%20Avenue%2C%20Budapest%2C%20Hungary%7CSz%C3%A9chenyi%20Chain%20Bridge%2C%20Budapest%2C%20Hungary
day-2026-11-27,27 nov,Bratislava → Budapeste,6,sight,Ponto turístico,Andrássy út,"Andrássy Avenue, Budapest, Hungary",47.503889,19.058611,walk,A pé,Andrássy,https://www.google.com/maps/dir/?api=1&origin=Szent%20Istv%C3%A1n%20t%C3%A9r%201%2C%20Budapest%2C%20Hungary&destination=Andr%C3%A1ssy%20Avenue%2C%20Budapest%2C%20Hungary&travelmode=walking,https://www.google.com/maps/search/?api=1&query=Andr%C3%A1ssy%20Avenue%2C%20Budapest%2C%20Hungary,https://www.google.com/maps/dir/?api=1&origin=Danubia%20Gate%20Hotel%2C%20Dunajsk%C3%A1%2026%2C%20Bratislava%2C%20Slovakia&destination=Buda%20Castle%2C%20Budapest%2C%20Hungary&travelmode=walking&waypoints=Medos%20Hotel%2C%20R%C3%A1k%C3%B3czi%20%C3%BAt%2040%2C%20Budapest%2C%20Hungary%7CSzent%20Istv%C3%A1n%20t%C3%A9r%201%2C%20Budapest%2C%20Hungary%7CAndr%C3%A1ssy%20Avenue%2C%20Budapest%2C%20Hungary%7CSz%C3%A9chenyi%20Chain%20Bridge%2C%20Budapest%2C%20Hungary
day-2026-11-27,27 nov,Bratislava → Budapeste,7,sight,Ponto turístico,Chain Bridge,"Széchenyi Chain Bridge, Budapest, Hungary",47.498056,19.043889,walk,A pé,Ponte das Correntes,https://www.google.com/maps/dir/?api=1&origin=Andr%C3%A1ssy%20Avenue%2C%20Budapest%2C%20Hungary&destination=Sz%C3%A9chenyi%20Chain%20Bridge%2C%20Budapest%2C%20Hungary&travelmode=walking,https://www.google.com/maps/search/?api=1&query=Sz%C3%A9chenyi%20Chain%20Bridge%2C%20Budapest%2C%20Hungary,https://www.google.com/maps/dir/?api=1&origin=Danubia%20Gate%20Hotel%2C%20Dunajsk%C3%A1%2026%2C%20Bratislava%2C%20Slovakia&destination=Buda%20Castle%2C%20Budapest%2C%20Hungary&travelmode=walking&waypoints=Medos%20Hotel%2C%20R%C3%A1k%C3%B3czi%20%C3%BAt%2040%2C%20Budapest%2C%20Hungary%7CSzent%20Istv%C3%A1n%20t%C3%A9r%201%2C%20Budapest%2C%20Hungary%7CAndr%C3%A1ssy%20Avenue%2C%20Budapest%2C%20Hungary%7CSz%C3%A9chenyi%20Chain%20Bridge%2C%20Budapest%2C%20Hungary
day-2026-11-27,27 nov,Bratislava → Budapeste,8,sight,Ponto turístico,Buda Castle (vista),"Buda Castle, Budapest, Hungary",47.496389,19.039722,walk,A pé,Vista Buda,https://www.google.com/maps/dir/?api=1&origin=Sz%C3%A9chenyi%20Chain%20Bridge%2C%20Budapest%2C%20Hungary&destination=Buda%20Castle%2C%20Budapest%2C%20Hungary&travelmode=walking,https://www.google.com/maps/search/?api=1&query=Buda%20Castle%2C%20Budapest%2C%20Hungary,https://www.google.com/maps/dir/?api=1&origin=Danubia%20Gate%20Hotel%2C%20Dunajsk%C3%A1%2026%2C%20Bratislava%2C%20Slovakia&destination=Buda%20Castle%2C%20Budapest%2C%20Hungary&travelmode=walking&waypoints=Medos%20Hotel%2C%20R%C3%A1k%C3%B3czi%20%C3%BAt%2040%2C%20Budapest%2C%20Hungary%7CSzent%20Istv%C3%A1n%20t%C3%A9r%201%2C%20Budapest%2C%20Hungary%7CAndr%C3%A1ssy%20Avenue%2C%20Budapest%2C%20Hungary%7CSz%C3%A9chenyi%20Chain%20Bridge%2C%20Budapest%2C%20Hungary
day-2026-11-28,28 nov,Budapeste — Pest icónico,1,hotel,Hotel,Medos Hotel,"Medos Hotel, Rákóczi út 40, Budapest, Hungary",47.498611,19.070278,,,,,https://www.google.com/maps/search/?api=1&query=Medos%20Hotel%2C%20R%C3%A1k%C3%B3czi%20%C3%BAt%2040%2C%20Budapest%2C%20Hungary,https://www.google.com/maps/dir/?api=1&origin=Medos%20Hotel%2C%20R%C3%A1k%C3%B3czi%20%C3%BAt%2040%2C%20Budapest%2C%20Hungary&destination=Instant-Fogas%2C%20Budapest%2C%20Hungary&travelmode=walking&waypoints=Hungarian%20Parliament%20Building%2C%20Budapest%2C%20Hungary%7CShoes%20on%20the%20Danube%20Bank%2C%20Budapest%2C%20Hungary%7CGreat%20Market%20Hall%2C%20Budapest%2C%20Hungary%7CFisherman%27s%20Bastion%2C%20Budapest%2C%20Hungary%7CMatthias%20Church%2C%20Budapest%2C%20Hungary%7CSzimpla%20Kert%2C%20Budapest%2C%20Hungary
day-2026-11-28,28 nov,Budapeste — Pest icónico,2,sight,Ponto turístico,Parlamento,"Hungarian Parliament Building, Budapest, Hungary",47.507222,19.045833,metro,Metro,M2/M3 → Parlamento,https://www.google.com/maps/dir/?api=1&origin=Medos%20Hotel%2C%20R%C3%A1k%C3%B3czi%20%C3%BAt%2040%2C%20Budapest%2C%20Hungary&destination=Hungarian%20Parliament%20Building%2C%20Budapest%2C%20Hungary&travelmode=transit,https://www.google.com/maps/search/?api=1&query=Hungarian%20Parliament%20Building%2C%20Budapest%2C%20Hungary,https://www.google.com/maps/dir/?api=1&origin=Medos%20Hotel%2C%20R%C3%A1k%C3%B3czi%20%C3%BAt%2040%2C%20Budapest%2C%20Hungary&destination=Instant-Fogas%2C%20Budapest%2C%20Hungary&travelmode=walking&waypoints=Hungarian%20Parliament%20Building%2C%20Budapest%2C%20Hungary%7CShoes%20on%20the%20Danube%20Bank%2C%20Budapest%2C%20Hungary%7CGreat%20Market%20Hall%2C%20Budapest%2C%20Hungary%7CFisherman%27s%20Bastion%2C%20Budapest%2C%20Hungary%7CMatthias%20Church%2C%20Budapest%2C%20Hungary%7CSzimpla%20Kert%2C%20Budapest%2C%20Hungary
day-2026-11-28,28 nov,Budapeste — Pest icónico,3,sight,Ponto turístico,Shoes on the Danube,"Shoes on the Danube Bank, Budapest, Hungary",47.503889,19.044722,walk,A pé,Margem do Danúbio,https://www.google.com/maps/dir/?api=1&origin=Hungarian%20Parliament%20Building%2C%20Budapest%2C%20Hungary&destination=Shoes%20on%20the%20Danube%20Bank%2C%20Budapest%2C%20Hungary&travelmode=walking,https://www.google.com/maps/search/?api=1&query=Shoes%20on%20the%20Danube%20Bank%2C%20Budapest%2C%20Hungary,https://www.google.com/maps/dir/?api=1&origin=Medos%20Hotel%2C%20R%C3%A1k%C3%B3czi%20%C3%BAt%2040%2C%20Budapest%2C%20Hungary&destination=Instant-Fogas%2C%20Budapest%2C%20Hungary&travelmode=walking&waypoints=Hungarian%20Parliament%20Building%2C%20Budapest%2C%20Hungary%7CShoes%20on%20the%20Danube%20Bank%2C%20Budapest%2C%20Hungary%7CGreat%20Market%20Hall%2C%20Budapest%2C%20Hungary%7CFisherman%27s%20Bastion%2C%20Budapest%2C%20Hungary%7CMatthias%20Church%2C%20Budapest%2C%20Hungary%7CSzimpla%20Kert%2C%20Budapest%2C%20Hungary
day-2026-11-28,28 nov,Budapeste — Pest icónico,4,sight,Ponto turístico,Great Market Hall,"Great Market Hall, Budapest, Hungary",47.486944,19.058889,metro,Metro,M4 → Grande Mercado,https://www.google.com/maps/dir/?api=1&origin=Shoes%20on%20the%20Danube%20Bank%2C%20Budapest%2C%20Hungary&destination=Great%20Market%20Hall%2C%20Budapest%2C%20Hungary&travelmode=transit,https://www.google.com/maps/search/?api=1&query=Great%20Market%20Hall%2C%20Budapest%2C%20Hungary,https://www.google.com/maps/dir/?api=1&origin=Medos%20Hotel%2C%20R%C3%A1k%C3%B3czi%20%C3%BAt%2040%2C%20Budapest%2C%20Hungary&destination=Instant-Fogas%2C%20Budapest%2C%20Hungary&travelmode=walking&waypoints=Hungarian%20Parliament%20Building%2C%20Budapest%2C%20Hungary%7CShoes%20on%20the%20Danube%20Bank%2C%20Budapest%2C%20Hungary%7CGreat%20Market%20Hall%2C%20Budapest%2C%20Hungary%7CFisherman%27s%20Bastion%2C%20Budapest%2C%20Hungary%7CMatthias%20Church%2C%20Budapest%2C%20Hungary%7CSzimpla%20Kert%2C%20Budapest%2C%20Hungary
day-2026-11-28,28 nov,Budapeste — Pest icónico,5,sight,Ponto turístico,Fisherman's Bastion,"Fisherman's Bastion, Budapest, Hungary",47.502778,19.034444,funicular,Funicular,Ponte → funicular ou bus 16,https://www.google.com/maps/dir/?api=1&origin=Great%20Market%20Hall%2C%20Budapest%2C%20Hungary&destination=Fisherman%27s%20Bastion%2C%20Budapest%2C%20Hungary&travelmode=transit,https://www.google.com/maps/search/?api=1&query=Fisherman%27s%20Bastion%2C%20Budapest%2C%20Hungary,https://www.google.com/maps/dir/?api=1&origin=Medos%20Hotel%2C%20R%C3%A1k%C3%B3czi%20%C3%BAt%2040%2C%20Budapest%2C%20Hungary&destination=Instant-Fogas%2C%20Budapest%2C%20Hungary&travelmode=walking&waypoints=Hungarian%20Parliament%20Building%2C%20Budapest%2C%20Hungary%7CShoes%20on%20the%20Danube%20Bank%2C%20Budapest%2C%20Hungary%7CGreat%20Market%20Hall%2C%20Budapest%2C%20Hungary%7CFisherman%27s%20Bastion%2C%20Budapest%2C%20Hungary%7CMatthias%20Church%2C%20Budapest%2C%20Hungary%7CSzimpla%20Kert%2C%20Budapest%2C%20Hungary
day-2026-11-28,28 nov,Budapeste — Pest icónico,6,sight,Ponto turístico,Matthias Church,"Matthias Church, Budapest, Hungary",47.502222,19.034167,walk,A pé,Matthias Church,https://www.google.com/maps/dir/?api=1&origin=Fisherman%27s%20Bastion%2C%20Budapest%2C%20Hungary&destination=Matthias%20Church%2C%20Budapest%2C%20Hungary&travelmode=walking,https://www.google.com/maps/search/?api=1&query=Matthias%20Church%2C%20Budapest%2C%20Hungary,https://www.google.com/maps/dir/?api=1&origin=Medos%20Hotel%2C%20R%C3%A1k%C3%B3czi%20%C3%BAt%2040%2C%20Budapest%2C%20Hungary&destination=Instant-Fogas%2C%20Budapest%2C%20Hungary&travelmode=walking&waypoints=Hungarian%20Parliament%20Building%2C%20Budapest%2C%20Hungary%7CShoes%20on%20the%20Danube%20Bank%2C%20Budapest%2C%20Hungary%7CGreat%20Market%20Hall%2C%20Budapest%2C%20Hungary%7CFisherman%27s%20Bastion%2C%20Budapest%2C%20Hungary%7CMatthias%20Church%2C%20Budapest%2C%20Hungary%7CSzimpla%20Kert%2C%20Budapest%2C%20Hungary
day-2026-11-28,28 nov,Budapeste — Pest icónico,7,night,Noite,Szimpla Kert,"Szimpla Kert, Budapest, Hungary",47.496944,19.063056,walk,A pé,Szimpla Kert,https://www.google.com/maps/dir/?api=1&origin=Matthias%20Church%2C%20Budapest%2C%20Hungary&destination=Szimpla%20Kert%2C%20Budapest%2C%20Hungary&travelmode=walking,https://www.google.com/maps/search/?api=1&query=Szimpla%20Kert%2C%20Budapest%2C%20Hungary,https://www.google.com/maps/dir/?api=1&origin=Medos%20Hotel%2C%20R%C3%A1k%C3%B3czi%20%C3%BAt%2040%2C%20Budapest%2C%20Hungary&destination=Instant-Fogas%2C%20Budapest%2C%20Hungary&travelmode=walking&waypoints=Hungarian%20Parliament%20Building%2C%20Budapest%2C%20Hungary%7CShoes%20on%20the%20Danube%20Bank%2C%20Budapest%2C%20Hungary%7CGreat%20Market%20Hall%2C%20Budapest%2C%20Hungary%7CFisherman%27s%20Bastion%2C%20Budapest%2C%20Hungary%7CMatthias%20Church%2C%20Budapest%2C%20Hungary%7CSzimpla%20Kert%2C%20Budapest%2C%20Hungary
day-2026-11-28,28 nov,Budapeste — Pest icónico,8,night,Noite,Instant-Fogas,"Instant-Fogas, Budapest, Hungary",47.497778,19.062500,walk,A pé,Instant-Fogas,https://www.google.com/maps/dir/?api=1&origin=Szimpla%20Kert%2C%20Budapest%2C%20Hungary&destination=Instant-Fogas%2C%20Budapest%2C%20Hungary&travelmode=walking,https://www.google.com/maps/search/?api=1&query=Instant-Fogas%2C%20Budapest%2C%20Hungary,https://www.google.com/maps/dir/?api=1&origin=Medos%20Hotel%2C%20R%C3%A1k%C3%B3czi%20%C3%BAt%2040%2C%20Budapest%2C%20Hungary&destination=Instant-Fogas%2C%20Budapest%2C%20Hungary&travelmode=walking&waypoints=Hungarian%20Parliament%20Building%2C%20Budapest%2C%20Hungary%7CShoes%20on%20the%20Danube%20Bank%2C%20Budapest%2C%20Hungary%7CGreat%20Market%20Hall%2C%20Budapest%2C%20Hungary%7CFisherman%27s%20Bastion%2C%20Budapest%2C%20Hungary%7CMatthias%20Church%2C%20Budapest%2C%20Hungary%7CSzimpla%20Kert%2C%20Budapest%2C%20Hungary
day-2026-11-29,29 nov,Budapeste — descanso,1,hotel,Hotel,Medos Hotel,"Medos Hotel, Rákóczi út 40, Budapest, Hungary",47.498611,19.070278,,,,,https://www.google.com/maps/search/?api=1&query=Medos%20Hotel%2C%20R%C3%A1k%C3%B3czi%20%C3%BAt%2040%2C%20Budapest%2C%20Hungary,https://www.google.com/maps/dir/?api=1&origin=Medos%20Hotel%2C%20R%C3%A1k%C3%B3czi%20%C3%BAt%2040%2C%20Budapest%2C%20Hungary&destination=Margaret%20Island%2C%20Budapest%2C%20Hungary&travelmode=walking&waypoints=Doh%C3%A1ny%20utca%202%2C%20Budapest%2C%20Hungary%7CMargaret%20Bridge%2C%20Budapest%2C%20Hungary
day-2026-11-29,29 nov,Budapeste — descanso,2,sight,Ponto turístico,Jewish Quarter (opcional),"Dohány utca 2, Budapest, Hungary",47.495833,19.060278,walk,A pé,Bairro judaico,https://www.google.com/maps/dir/?api=1&origin=Medos%20Hotel%2C%20R%C3%A1k%C3%B3czi%20%C3%BAt%2040%2C%20Budapest%2C%20Hungary&destination=Doh%C3%A1ny%20utca%202%2C%20Budapest%2C%20Hungary&travelmode=walking,https://www.google.com/maps/search/?api=1&query=Doh%C3%A1ny%20utca%202%2C%20Budapest%2C%20Hungary,https://www.google.com/maps/dir/?api=1&origin=Medos%20Hotel%2C%20R%C3%A1k%C3%B3czi%20%C3%BAt%2040%2C%20Budapest%2C%20Hungary&destination=Margaret%20Island%2C%20Budapest%2C%20Hungary&travelmode=walking&waypoints=Doh%C3%A1ny%20utca%202%2C%20Budapest%2C%20Hungary%7CMargaret%20Bridge%2C%20Budapest%2C%20Hungary
day-2026-11-29,29 nov,Budapeste — descanso,3,sight,Ponto turístico,Margaret Bridge,"Margaret Bridge, Budapest, Hungary",47.515278,19.042778,tram,Elétrico,Elétrico 4/6 → Margit,https://www.google.com/maps/dir/?api=1&origin=Doh%C3%A1ny%20utca%202%2C%20Budapest%2C%20Hungary&destination=Margaret%20Bridge%2C%20Budapest%2C%20Hungary&travelmode=transit,https://www.google.com/maps/search/?api=1&query=Margaret%20Bridge%2C%20Budapest%2C%20Hungary,https://www.google.com/maps/dir/?api=1&origin=Medos%20Hotel%2C%20R%C3%A1k%C3%B3czi%20%C3%BAt%2040%2C%20Budapest%2C%20Hungary&destination=Margaret%20Island%2C%20Budapest%2C%20Hungary&travelmode=walking&waypoints=Doh%C3%A1ny%20utca%202%2C%20Budapest%2C%20Hungary%7CMargaret%20Bridge%2C%20Budapest%2C%20Hungary
day-2026-11-29,29 nov,Budapeste — descanso,4,sight,Ponto turístico,Margaret Island,"Margaret Island, Budapest, Hungary",47.527500,19.047222,walk,A pé,Ilha Margarida,https://www.google.com/maps/dir/?api=1&origin=Margaret%20Bridge%2C%20Budapest%2C%20Hungary&destination=Margaret%20Island%2C%20Budapest%2C%20Hungary&travelmode=walking,https://www.google.com/maps/search/?api=1&query=Margaret%20Island%2C%20Budapest%2C%20Hungary,https://www.google.com/maps/dir/?api=1&origin=Medos%20Hotel%2C%20R%C3%A1k%C3%B3czi%20%C3%BAt%2040%2C%20Budapest%2C%20Hungary&destination=Margaret%20Island%2C%20Budapest%2C%20Hungary&travelmode=walking&waypoints=Doh%C3%A1ny%20utca%202%2C%20Budapest%2C%20Hungary%7CMargaret%20Bridge%2C%20Budapest%2C%20Hungary
day-2026-11-30,30 nov,Budapeste → Berlim,1,hotel,Hotel,Medos Hotel (check-out),"Medos Hotel, Rákóczi út 40, Budapest, Hungary",47.498611,19.070278,,,,,https://www.google.com/maps/search/?api=1&query=Medos%20Hotel%2C%20R%C3%A1k%C3%B3czi%20%C3%BAt%2040%2C%20Budapest%2C%20Hungary,https://www.google.com/maps/dir/?api=1&origin=Medos%20Hotel%2C%20R%C3%A1k%C3%B3czi%20%C3%BAt%2040%2C%20Budapest%2C%20Hungary&destination=Berlin%20TV%20Tower%2C%20Germany&travelmode=walking&waypoints=Szent%20Istv%C3%A1n%20t%C3%A9r%201%2C%20Budapest%2C%20Hungary%7CPremier%20Inn%20Berlin%20Alexanderplatz%2C%20Otto-Braun-Stra%C3%9Fe%2069%2C%20Berlin%2C%20Germany%7CAlexanderplatz%201%2C%2010178%20Berlin%2C%20Germany
day-2026-11-30,30 nov,Budapeste → Berlim,2,sight,Ponto turístico,Basílica (último passeio),"Szent István tér 1, Budapest, Hungary",47.500833,19.053889,walk,A pé,Último passeio,https://www.google.com/maps/dir/?api=1&origin=Medos%20Hotel%2C%20R%C3%A1k%C3%B3czi%20%C3%BAt%2040%2C%20Budapest%2C%20Hungary&destination=Szent%20Istv%C3%A1n%20t%C3%A9r%201%2C%20Budapest%2C%20Hungary&travelmode=walking,https://www.google.com/maps/search/?api=1&query=Szent%20Istv%C3%A1n%20t%C3%A9r%201%2C%20Budapest%2C%20Hungary,https://www.google.com/maps/dir/?api=1&origin=Medos%20Hotel%2C%20R%C3%A1k%C3%B3czi%20%C3%BAt%2040%2C%20Budapest%2C%20Hungary&destination=Berlin%20TV%20Tower%2C%20Germany&travelmode=walking&waypoints=Szent%20Istv%C3%A1n%20t%C3%A9r%201%2C%20Budapest%2C%20Hungary%7CPremier%20Inn%20Berlin%20Alexanderplatz%2C%20Otto-Braun-Stra%C3%9Fe%2069%2C%20Berlin%2C%20Germany%7CAlexanderplatz%201%2C%2010178%20Berlin%2C%20Germany
day-2026-11-30,30 nov,Budapeste → Berlim,3,airport,Aeroporto,Budapest Airport (BUD),"Budapest Airport, Hungary",47.429761,19.261093,bus,Ônibus,100E → aeroporto BUD,https://www.google.com/maps/dir/?api=1&origin=Szent%20Istv%C3%A1n%20t%C3%A9r%201%2C%20Budapest%2C%20Hungary&destination=Budapest%20Airport%2C%20Hungary&travelmode=transit,https://www.google.com/maps/search/?api=1&query=Budapest%20Airport%2C%20Hungary,https://www.google.com/maps/dir/?api=1&origin=Medos%20Hotel%2C%20R%C3%A1k%C3%B3czi%20%C3%BAt%2040%2C%20Budapest%2C%20Hungary&destination=Berlin%20TV%20Tower%2C%20Germany&travelmode=walking&waypoints=Szent%20Istv%C3%A1n%20t%C3%A9r%201%2C%20Budapest%2C%20Hungary%7CPremier%20Inn%20Berlin%20Alexanderplatz%2C%20Otto-Braun-Stra%C3%9Fe%2069%2C%20Berlin%2C%20Germany%7CAlexanderplatz%201%2C%2010178%20Berlin%2C%20Germany
day-2026-11-30,30 nov,Budapeste → Berlim,4,airport,Aeroporto,Berlin Brandenburg Airport (BER),"Berlin Brandenburg Airport, Germany",52.366667,13.503333,flight,Voo,BUD → BER,,https://www.google.com/maps/search/?api=1&query=Berlin%20Brandenburg%20Airport%2C%20Germany,https://www.google.com/maps/dir/?api=1&origin=Medos%20Hotel%2C%20R%C3%A1k%C3%B3czi%20%C3%BAt%2040%2C%20Budapest%2C%20Hungary&destination=Berlin%20TV%20Tower%2C%20Germany&travelmode=walking&waypoints=Szent%20Istv%C3%A1n%20t%C3%A9r%201%2C%20Budapest%2C%20Hungary%7CPremier%20Inn%20Berlin%20Alexanderplatz%2C%20Otto-Braun-Stra%C3%9Fe%2069%2C%20Berlin%2C%20Germany%7CAlexanderplatz%201%2C%2010178%20Berlin%2C%20Germany
day-2026-11-30,30 nov,Budapeste → Berlim,5,hotel,Hotel,Premier Inn Alexanderplatz,"Premier Inn Berlin Alexanderplatz, Otto-Braun-Straße 69, Berlin, Germany",52.523056,13.412778,train,Trem,FEX/S9 + U5 → Alexanderplatz,https://www.google.com/maps/dir/?api=1&origin=Berlin%20Brandenburg%20Airport%2C%20Germany&destination=Premier%20Inn%20Berlin%20Alexanderplatz%2C%20Otto-Braun-Stra%C3%9Fe%2069%2C%20Berlin%2C%20Germany&travelmode=transit,https://www.google.com/maps/search/?api=1&query=Premier%20Inn%20Berlin%20Alexanderplatz%2C%20Otto-Braun-Stra%C3%9Fe%2069%2C%20Berlin%2C%20Germany,https://www.google.com/maps/dir/?api=1&origin=Medos%20Hotel%2C%20R%C3%A1k%C3%B3czi%20%C3%BAt%2040%2C%20Budapest%2C%20Hungary&destination=Berlin%20TV%20Tower%2C%20Germany&travelmode=walking&waypoints=Szent%20Istv%C3%A1n%20t%C3%A9r%201%2C%20Budapest%2C%20Hungary%7CPremier%20Inn%20Berlin%20Alexanderplatz%2C%20Otto-Braun-Stra%C3%9Fe%2069%2C%20Berlin%2C%20Germany%7CAlexanderplatz%201%2C%2010178%20Berlin%2C%20Germany
day-2026-11-30,30 nov,Budapeste → Berlim,6,sight,Ponto turístico,Alexanderplatz,"Alexanderplatz 1, 10178 Berlin, Germany",52.521944,13.413333,walk,A pé,Alexanderplatz,https://www.google.com/maps/dir/?api=1&origin=Premier%20Inn%20Berlin%20Alexanderplatz%2C%20Otto-Braun-Stra%C3%9Fe%2069%2C%20Berlin%2C%20Germany&destination=Alexanderplatz%201%2C%2010178%20Berlin%2C%20Germany&travelmode=walking,https://www.google.com/maps/search/?api=1&query=Alexanderplatz%201%2C%2010178%20Berlin%2C%20Germany,https://www.google.com/maps/dir/?api=1&origin=Medos%20Hotel%2C%20R%C3%A1k%C3%B3czi%20%C3%BAt%2040%2C%20Budapest%2C%20Hungary&destination=Berlin%20TV%20Tower%2C%20Germany&travelmode=walking&waypoints=Szent%20Istv%C3%A1n%20t%C3%A9r%201%2C%20Budapest%2C%20Hungary%7CPremier%20Inn%20Berlin%20Alexanderplatz%2C%20Otto-Braun-Stra%C3%9Fe%2069%2C%20Berlin%2C%20Germany%7CAlexanderplatz%201%2C%2010178%20Berlin%2C%20Germany
day-2026-11-30,30 nov,Budapeste → Berlim,7,sight,Ponto turístico,Fernsehturm,"Berlin TV Tower, Germany",52.520833,13.409444,walk,A pé,Fernsehturm,https://www.google.com/maps/dir/?api=1&origin=Alexanderplatz%201%2C%2010178%20Berlin%2C%20Germany&destination=Berlin%20TV%20Tower%2C%20Germany&travelmode=walking,https://www.google.com/maps/search/?api=1&query=Berlin%20TV%20Tower%2C%20Germany,https://www.google.com/maps/dir/?api=1&origin=Medos%20Hotel%2C%20R%C3%A1k%C3%B3czi%20%C3%BAt%2040%2C%20Budapest%2C%20Hungary&destination=Berlin%20TV%20Tower%2C%20Germany&travelmode=walking&waypoints=Szent%20Istv%C3%A1n%20t%C3%A9r%201%2C%20Budapest%2C%20Hungary%7CPremier%20Inn%20Berlin%20Alexanderplatz%2C%20Otto-Braun-Stra%C3%9Fe%2069%2C%20Berlin%2C%20Germany%7CAlexanderplatz%201%2C%2010178%20Berlin%2C%20Germany
day-2026-12-01,1 dez,Berlim — Mitte,1,hotel,Hotel,Premier Inn Alexanderplatz,"Premier Inn Berlin Alexanderplatz, Berlin, Germany",52.523056,13.412778,,,,,https://www.google.com/maps/search/?api=1&query=Premier%20Inn%20Berlin%20Alexanderplatz%2C%20Berlin%2C%20Germany,https://www.google.com/maps/dir/?api=1&origin=Premier%20Inn%20Berlin%20Alexanderplatz%2C%20Berlin%2C%20Germany&destination=Alexanderplatz%201%2C%2010178%20Berlin%2C%20Germany&travelmode=walking&waypoints=Brandenburg%20Gate%2C%20Berlin%2C%20Germany%7CReichstag%20Building%2C%20Berlin%2C%20Germany%7CTiergarten%2C%20Berlin%2C%20Germany%7CMemorial%20to%20the%20Murdered%20Jews%20of%20Europe%2C%20Berlin%2C%20Germany%7CPotsdamer%20Platz%2C%20Berlin%2C%20Germany%7CEast%20Side%20Gallery%2C%20Berlin%2C%20Germany
day-2026-12-01,1 dez,Berlim — Mitte,2,sight,Ponto turístico,Brandenburg Gate,"Brandenburg Gate, Berlin, Germany",52.516275,13.377704,metro,Metro,U5 → Brandenburger Tor,https://www.google.com/maps/dir/?api=1&origin=Premier%20Inn%20Berlin%20Alexanderplatz%2C%20Berlin%2C%20Germany&destination=Brandenburg%20Gate%2C%20Berlin%2C%20Germany&travelmode=transit,https://www.google.com/maps/search/?api=1&query=Brandenburg%20Gate%2C%20Berlin%2C%20Germany,https://www.google.com/maps/dir/?api=1&origin=Premier%20Inn%20Berlin%20Alexanderplatz%2C%20Berlin%2C%20Germany&destination=Alexanderplatz%201%2C%2010178%20Berlin%2C%20Germany&travelmode=walking&waypoints=Brandenburg%20Gate%2C%20Berlin%2C%20Germany%7CReichstag%20Building%2C%20Berlin%2C%20Germany%7CTiergarten%2C%20Berlin%2C%20Germany%7CMemorial%20to%20the%20Murdered%20Jews%20of%20Europe%2C%20Berlin%2C%20Germany%7CPotsdamer%20Platz%2C%20Berlin%2C%20Germany%7CEast%20Side%20Gallery%2C%20Berlin%2C%20Germany
day-2026-12-01,1 dez,Berlim — Mitte,3,sight,Ponto turístico,Reichstag,"Reichstag Building, Berlin, Germany",52.518611,13.376111,walk,A pé,Portão de Brandemburgo,https://www.google.com/maps/dir/?api=1&origin=Brandenburg%20Gate%2C%20Berlin%2C%20Germany&destination=Reichstag%20Building%2C%20Berlin%2C%20Germany&travelmode=walking,https://www.google.com/maps/search/?api=1&query=Reichstag%20Building%2C%20Berlin%2C%20Germany,https://www.google.com/maps/dir/?api=1&origin=Premier%20Inn%20Berlin%20Alexanderplatz%2C%20Berlin%2C%20Germany&destination=Alexanderplatz%201%2C%2010178%20Berlin%2C%20Germany&travelmode=walking&waypoints=Brandenburg%20Gate%2C%20Berlin%2C%20Germany%7CReichstag%20Building%2C%20Berlin%2C%20Germany%7CTiergarten%2C%20Berlin%2C%20Germany%7CMemorial%20to%20the%20Murdered%20Jews%20of%20Europe%2C%20Berlin%2C%20Germany%7CPotsdamer%20Platz%2C%20Berlin%2C%20Germany%7CEast%20Side%20Gallery%2C%20Berlin%2C%20Germany
day-2026-12-01,1 dez,Berlim — Mitte,4,sight,Ponto turístico,Tiergarten,"Tiergarten, Berlin, Germany",52.514444,13.350000,walk,A pé,Reichstag,https://www.google.com/maps/dir/?api=1&origin=Reichstag%20Building%2C%20Berlin%2C%20Germany&destination=Tiergarten%2C%20Berlin%2C%20Germany&travelmode=walking,https://www.google.com/maps/search/?api=1&query=Tiergarten%2C%20Berlin%2C%20Germany,https://www.google.com/maps/dir/?api=1&origin=Premier%20Inn%20Berlin%20Alexanderplatz%2C%20Berlin%2C%20Germany&destination=Alexanderplatz%201%2C%2010178%20Berlin%2C%20Germany&travelmode=walking&waypoints=Brandenburg%20Gate%2C%20Berlin%2C%20Germany%7CReichstag%20Building%2C%20Berlin%2C%20Germany%7CTiergarten%2C%20Berlin%2C%20Germany%7CMemorial%20to%20the%20Murdered%20Jews%20of%20Europe%2C%20Berlin%2C%20Germany%7CPotsdamer%20Platz%2C%20Berlin%2C%20Germany%7CEast%20Side%20Gallery%2C%20Berlin%2C%20Germany
day-2026-12-01,1 dez,Berlim — Mitte,5,sight,Ponto turístico,Holocaust Memorial,"Memorial to the Murdered Jews of Europe, Berlin, Germany",52.513889,13.378889,walk,A pé,Tiergarten,https://www.google.com/maps/dir/?api=1&origin=Tiergarten%2C%20Berlin%2C%20Germany&destination=Memorial%20to%20the%20Murdered%20Jews%20of%20Europe%2C%20Berlin%2C%20Germany&travelmode=walking,https://www.google.com/maps/search/?api=1&query=Memorial%20to%20the%20Murdered%20Jews%20of%20Europe%2C%20Berlin%2C%20Germany,https://www.google.com/maps/dir/?api=1&origin=Premier%20Inn%20Berlin%20Alexanderplatz%2C%20Berlin%2C%20Germany&destination=Alexanderplatz%201%2C%2010178%20Berlin%2C%20Germany&travelmode=walking&waypoints=Brandenburg%20Gate%2C%20Berlin%2C%20Germany%7CReichstag%20Building%2C%20Berlin%2C%20Germany%7CTiergarten%2C%20Berlin%2C%20Germany%7CMemorial%20to%20the%20Murdered%20Jews%20of%20Europe%2C%20Berlin%2C%20Germany%7CPotsdamer%20Platz%2C%20Berlin%2C%20Germany%7CEast%20Side%20Gallery%2C%20Berlin%2C%20Germany
day-2026-12-01,1 dez,Berlim — Mitte,6,sight,Ponto turístico,Potsdamer Platz,"Potsdamer Platz, Berlin, Germany",52.509444,13.376111,walk,A pé,Memorial,https://www.google.com/maps/dir/?api=1&origin=Memorial%20to%20the%20Murdered%20Jews%20of%20Europe%2C%20Berlin%2C%20Germany&destination=Potsdamer%20Platz%2C%20Berlin%2C%20Germany&travelmode=walking,https://www.google.com/maps/search/?api=1&query=Potsdamer%20Platz%2C%20Berlin%2C%20Germany,https://www.google.com/maps/dir/?api=1&origin=Premier%20Inn%20Berlin%20Alexanderplatz%2C%20Berlin%2C%20Germany&destination=Alexanderplatz%201%2C%2010178%20Berlin%2C%20Germany&travelmode=walking&waypoints=Brandenburg%20Gate%2C%20Berlin%2C%20Germany%7CReichstag%20Building%2C%20Berlin%2C%20Germany%7CTiergarten%2C%20Berlin%2C%20Germany%7CMemorial%20to%20the%20Murdered%20Jews%20of%20Europe%2C%20Berlin%2C%20Germany%7CPotsdamer%20Platz%2C%20Berlin%2C%20Germany%7CEast%20Side%20Gallery%2C%20Berlin%2C%20Germany
day-2026-12-01,1 dez,Berlim — Mitte,7,sight,Ponto turístico,East Side Gallery,"East Side Gallery, Berlin, Germany",52.505000,13.439722,metro,Metro,U1/S → East Side Gallery,https://www.google.com/maps/dir/?api=1&origin=Potsdamer%20Platz%2C%20Berlin%2C%20Germany&destination=East%20Side%20Gallery%2C%20Berlin%2C%20Germany&travelmode=transit,https://www.google.com/maps/search/?api=1&query=East%20Side%20Gallery%2C%20Berlin%2C%20Germany,https://www.google.com/maps/dir/?api=1&origin=Premier%20Inn%20Berlin%20Alexanderplatz%2C%20Berlin%2C%20Germany&destination=Alexanderplatz%201%2C%2010178%20Berlin%2C%20Germany&travelmode=walking&waypoints=Brandenburg%20Gate%2C%20Berlin%2C%20Germany%7CReichstag%20Building%2C%20Berlin%2C%20Germany%7CTiergarten%2C%20Berlin%2C%20Germany%7CMemorial%20to%20the%20Murdered%20Jews%20of%20Europe%2C%20Berlin%2C%20Germany%7CPotsdamer%20Platz%2C%20Berlin%2C%20Germany%7CEast%20Side%20Gallery%2C%20Berlin%2C%20Germany
day-2026-12-01,1 dez,Berlim — Mitte,8,sight,Ponto turístico,Alexanderplatz (volta),"Alexanderplatz 1, 10178 Berlin, Germany",52.521944,13.413333,metro,Metro,U5 volta,https://www.google.com/maps/dir/?api=1&origin=East%20Side%20Gallery%2C%20Berlin%2C%20Germany&destination=Alexanderplatz%201%2C%2010178%20Berlin%2C%20Germany&travelmode=transit,https://www.google.com/maps/search/?api=1&query=Alexanderplatz%201%2C%2010178%20Berlin%2C%20Germany,https://www.google.com/maps/dir/?api=1&origin=Premier%20Inn%20Berlin%20Alexanderplatz%2C%20Berlin%2C%20Germany&destination=Alexanderplatz%201%2C%2010178%20Berlin%2C%20Germany&travelmode=walking&waypoints=Brandenburg%20Gate%2C%20Berlin%2C%20Germany%7CReichstag%20Building%2C%20Berlin%2C%20Germany%7CTiergarten%2C%20Berlin%2C%20Germany%7CMemorial%20to%20the%20Murdered%20Jews%20of%20Europe%2C%20Berlin%2C%20Germany%7CPotsdamer%20Platz%2C%20Berlin%2C%20Germany%7CEast%20Side%20Gallery%2C%20Berlin%2C%20Germany
day-2026-12-02,2 dez,Berlim — compras,1,hotel,Hotel,Premier Inn Alexanderplatz,"Premier Inn Berlin Alexanderplatz, Berlin, Germany",52.523056,13.412778,,,,,https://www.google.com/maps/search/?api=1&query=Premier%20Inn%20Berlin%20Alexanderplatz%2C%20Berlin%2C%20Germany,https://www.google.com/maps/dir/?api=1&origin=Premier%20Inn%20Berlin%20Alexanderplatz%2C%20Berlin%2C%20Germany&destination=Kurf%C3%BCrstendamm%2C%20Berlin%2C%20Germany&travelmode=walking&waypoints=Unter%20den%20Linden%2C%20Berlin%2C%20Germany%7CBerlin%20Cathedral%2C%20Germany%7CLustgarten%2C%20Berlin%2C%20Germany%7CMuseum%20Island%2C%20Berlin%2C%20Germany%7CGendarmenmarkt%2C%20Berlin%2C%20Germany
day-2026-12-02,2 dez,Berlim — compras,2,sight,Ponto turístico,Unter den Linden,"Unter den Linden, Berlin, Germany",52.516944,13.390833,walk,A pé,Unter den Linden,https://www.google.com/maps/dir/?api=1&origin=Premier%20Inn%20Berlin%20Alexanderplatz%2C%20Berlin%2C%20Germany&destination=Unter%20den%20Linden%2C%20Berlin%2C%20Germany&travelmode=walking,https://www.google.com/maps/search/?api=1&query=Unter%20den%20Linden%2C%20Berlin%2C%20Germany,https://www.google.com/maps/dir/?api=1&origin=Premier%20Inn%20Berlin%20Alexanderplatz%2C%20Berlin%2C%20Germany&destination=Kurf%C3%BCrstendamm%2C%20Berlin%2C%20Germany&travelmode=walking&waypoints=Unter%20den%20Linden%2C%20Berlin%2C%20Germany%7CBerlin%20Cathedral%2C%20Germany%7CLustgarten%2C%20Berlin%2C%20Germany%7CMuseum%20Island%2C%20Berlin%2C%20Germany%7CGendarmenmarkt%2C%20Berlin%2C%20Germany
day-2026-12-02,2 dez,Berlim — compras,3,sight,Ponto turístico,Berliner Dom,"Berlin Cathedral, Germany",52.519167,13.401111,walk,A pé,Berliner Dom,https://www.google.com/maps/dir/?api=1&origin=Unter%20den%20Linden%2C%20Berlin%2C%20Germany&destination=Berlin%20Cathedral%2C%20Germany&travelmode=walking,https://www.google.com/maps/search/?api=1&query=Berlin%20Cathedral%2C%20Germany,https://www.google.com/maps/dir/?api=1&origin=Premier%20Inn%20Berlin%20Alexanderplatz%2C%20Berlin%2C%20Germany&destination=Kurf%C3%BCrstendamm%2C%20Berlin%2C%20Germany&travelmode=walking&waypoints=Unter%20den%20Linden%2C%20Berlin%2C%20Germany%7CBerlin%20Cathedral%2C%20Germany%7CLustgarten%2C%20Berlin%2C%20Germany%7CMuseum%20Island%2C%20Berlin%2C%20Germany%7CGendarmenmarkt%2C%20Berlin%2C%20Germany
day-2026-12-02,2 dez,Berlim — compras,4,sight,Ponto turístico,Lustgarten,"Lustgarten, Berlin, Germany",52.519167,13.398889,walk,A pé,Lustgarten,https://www.google.com/maps/dir/?api=1&origin=Berlin%20Cathedral%2C%20Germany&destination=Lustgarten%2C%20Berlin%2C%20Germany&travelmode=walking,https://www.google.com/maps/search/?api=1&query=Lustgarten%2C%20Berlin%2C%20Germany,https://www.google.com/maps/dir/?api=1&origin=Premier%20Inn%20Berlin%20Alexanderplatz%2C%20Berlin%2C%20Germany&destination=Kurf%C3%BCrstendamm%2C%20Berlin%2C%20Germany&travelmode=walking&waypoints=Unter%20den%20Linden%2C%20Berlin%2C%20Germany%7CBerlin%20Cathedral%2C%20Germany%7CLustgarten%2C%20Berlin%2C%20Germany%7CMuseum%20Island%2C%20Berlin%2C%20Germany%7CGendarmenmarkt%2C%20Berlin%2C%20Germany
day-2026-12-02,2 dez,Berlim — compras,5,sight,Ponto turístico,Museum Island,"Museum Island, Berlin, Germany",52.521111,13.399722,walk,A pé,Museum Island,https://www.google.com/maps/dir/?api=1&origin=Lustgarten%2C%20Berlin%2C%20Germany&destination=Museum%20Island%2C%20Berlin%2C%20Germany&travelmode=walking,https://www.google.com/maps/search/?api=1&query=Museum%20Island%2C%20Berlin%2C%20Germany,https://www.google.com/maps/dir/?api=1&origin=Premier%20Inn%20Berlin%20Alexanderplatz%2C%20Berlin%2C%20Germany&destination=Kurf%C3%BCrstendamm%2C%20Berlin%2C%20Germany&travelmode=walking&waypoints=Unter%20den%20Linden%2C%20Berlin%2C%20Germany%7CBerlin%20Cathedral%2C%20Germany%7CLustgarten%2C%20Berlin%2C%20Germany%7CMuseum%20Island%2C%20Berlin%2C%20Germany%7CGendarmenmarkt%2C%20Berlin%2C%20Germany
day-2026-12-02,2 dez,Berlim — compras,6,sight,Ponto turístico,Gendarmenmarkt,"Gendarmenmarkt, Berlin, Germany",52.513611,13.392500,walk,A pé,Gendarmenmarkt,https://www.google.com/maps/dir/?api=1&origin=Museum%20Island%2C%20Berlin%2C%20Germany&destination=Gendarmenmarkt%2C%20Berlin%2C%20Germany&travelmode=walking,https://www.google.com/maps/search/?api=1&query=Gendarmenmarkt%2C%20Berlin%2C%20Germany,https://www.google.com/maps/dir/?api=1&origin=Premier%20Inn%20Berlin%20Alexanderplatz%2C%20Berlin%2C%20Germany&destination=Kurf%C3%BCrstendamm%2C%20Berlin%2C%20Germany&travelmode=walking&waypoints=Unter%20den%20Linden%2C%20Berlin%2C%20Germany%7CBerlin%20Cathedral%2C%20Germany%7CLustgarten%2C%20Berlin%2C%20Germany%7CMuseum%20Island%2C%20Berlin%2C%20Germany%7CGendarmenmarkt%2C%20Berlin%2C%20Germany
day-2026-12-02,2 dez,Berlim — compras,7,sight,Ponto turístico,Kurfürstendamm,"Kurfürstendamm, Berlin, Germany",52.504167,13.332778,metro,Metro,U1/U9 → Ku'damm,https://www.google.com/maps/dir/?api=1&origin=Gendarmenmarkt%2C%20Berlin%2C%20Germany&destination=Kurf%C3%BCrstendamm%2C%20Berlin%2C%20Germany&travelmode=transit,https://www.google.com/maps/search/?api=1&query=Kurf%C3%BCrstendamm%2C%20Berlin%2C%20Germany,https://www.google.com/maps/dir/?api=1&origin=Premier%20Inn%20Berlin%20Alexanderplatz%2C%20Berlin%2C%20Germany&destination=Kurf%C3%BCrstendamm%2C%20Berlin%2C%20Germany&travelmode=walking&waypoints=Unter%20den%20Linden%2C%20Berlin%2C%20Germany%7CBerlin%20Cathedral%2C%20Germany%7CLustgarten%2C%20Berlin%2C%20Germany%7CMuseum%20Island%2C%20Berlin%2C%20Germany%7CGendarmenmarkt%2C%20Berlin%2C%20Germany
day-2026-12-03,3 dez,Berlim → Praga,1,hotel,Hotel,Premier Inn Alexanderplatz (check-out),"Premier Inn Berlin Alexanderplatz, Berlin, Germany",52.523056,13.412778,,,,,https://www.google.com/maps/search/?api=1&query=Premier%20Inn%20Berlin%20Alexanderplatz%2C%20Berlin%2C%20Germany,https://www.google.com/maps/dir/?api=1&origin=Premier%20Inn%20Berlin%20Alexanderplatz%2C%20Berlin%2C%20Germany&destination=Prague%20Astronomical%20Clock%2C%20Czechia&travelmode=walking&waypoints=Alton%20Hotel%2C%20Legerova%2022%2C%20Prague%2C%20Czechia%7CWenceslas%20Square%2C%20Prague%2C%20Czechia%7COld%20Town%20Square%2C%20Prague%2C%20Czechia
day-2026-12-03,3 dez,Berlim → Praga,2,transport,Transporte,Berlin Südkreuz,"Berlin Südkreuz station, Germany",52.476111,13.385556,metro,Metro,S/U → Südkreuz,https://www.google.com/maps/dir/?api=1&origin=Premier%20Inn%20Berlin%20Alexanderplatz%2C%20Berlin%2C%20Germany&destination=Berlin%20S%C3%BCdkreuz%20station%2C%20Germany&travelmode=transit,https://www.google.com/maps/search/?api=1&query=Berlin%20S%C3%BCdkreuz%20station%2C%20Germany,https://www.google.com/maps/dir/?api=1&origin=Premier%20Inn%20Berlin%20Alexanderplatz%2C%20Berlin%2C%20Germany&destination=Prague%20Astronomical%20Clock%2C%20Czechia&travelmode=walking&waypoints=Alton%20Hotel%2C%20Legerova%2022%2C%20Prague%2C%20Czechia%7CWenceslas%20Square%2C%20Prague%2C%20Czechia%7COld%20Town%20Square%2C%20Prague%2C%20Czechia
day-2026-12-03,3 dez,Berlim → Praga,3,transport,Transporte,Praha Florenc (FlixBus),"Florenc bus station, Prague, Czechia",50.091389,14.441111,bus,Ônibus,FlixBus → Florenc (~4h30),https://www.google.com/maps/dir/?api=1&origin=Berlin%20S%C3%BCdkreuz%20station%2C%20Germany&destination=Florenc%20bus%20station%2C%20Prague%2C%20Czechia&travelmode=transit,https://www.google.com/maps/search/?api=1&query=Florenc%20bus%20station%2C%20Prague%2C%20Czechia,https://www.google.com/maps/dir/?api=1&origin=Premier%20Inn%20Berlin%20Alexanderplatz%2C%20Berlin%2C%20Germany&destination=Prague%20Astronomical%20Clock%2C%20Czechia&travelmode=walking&waypoints=Alton%20Hotel%2C%20Legerova%2022%2C%20Prague%2C%20Czechia%7CWenceslas%20Square%2C%20Prague%2C%20Czechia%7COld%20Town%20Square%2C%20Prague%2C%20Czechia
day-2026-12-03,3 dez,Berlim → Praga,4,hotel,Hotel,Alton Hotel,"Alton Hotel, Legerova 22, Prague, Czechia",50.071111,14.430000,metro,Metro,Metro/tram → hotel,https://www.google.com/maps/dir/?api=1&origin=Florenc%20bus%20station%2C%20Prague%2C%20Czechia&destination=Alton%20Hotel%2C%20Legerova%2022%2C%20Prague%2C%20Czechia&travelmode=transit,https://www.google.com/maps/search/?api=1&query=Alton%20Hotel%2C%20Legerova%2022%2C%20Prague%2C%20Czechia,https://www.google.com/maps/dir/?api=1&origin=Premier%20Inn%20Berlin%20Alexanderplatz%2C%20Berlin%2C%20Germany&destination=Prague%20Astronomical%20Clock%2C%20Czechia&travelmode=walking&waypoints=Alton%20Hotel%2C%20Legerova%2022%2C%20Prague%2C%20Czechia%7CWenceslas%20Square%2C%20Prague%2C%20Czechia%7COld%20Town%20Square%2C%20Prague%2C%20Czechia
day-2026-12-03,3 dez,Berlim → Praga,5,sight,Ponto turístico,Wenceslas Square,"Wenceslas Square, Prague, Czechia",50.081111,14.427778,walk,A pé,Wenceslas Square,https://www.google.com/maps/dir/?api=1&origin=Alton%20Hotel%2C%20Legerova%2022%2C%20Prague%2C%20Czechia&destination=Wenceslas%20Square%2C%20Prague%2C%20Czechia&travelmode=walking,https://www.google.com/maps/search/?api=1&query=Wenceslas%20Square%2C%20Prague%2C%20Czechia,https://www.google.com/maps/dir/?api=1&origin=Premier%20Inn%20Berlin%20Alexanderplatz%2C%20Berlin%2C%20Germany&destination=Prague%20Astronomical%20Clock%2C%20Czechia&travelmode=walking&waypoints=Alton%20Hotel%2C%20Legerova%2022%2C%20Prague%2C%20Czechia%7CWenceslas%20Square%2C%20Prague%2C%20Czechia%7COld%20Town%20Square%2C%20Prague%2C%20Czechia
day-2026-12-03,3 dez,Berlim → Praga,6,sight,Ponto turístico,Old Town Square,"Old Town Square, Prague, Czechia",50.087500,14.421389,walk,A pé,Old Town Square,https://www.google.com/maps/dir/?api=1&origin=Wenceslas%20Square%2C%20Prague%2C%20Czechia&destination=Old%20Town%20Square%2C%20Prague%2C%20Czechia&travelmode=walking,https://www.google.com/maps/search/?api=1&query=Old%20Town%20Square%2C%20Prague%2C%20Czechia,https://www.google.com/maps/dir/?api=1&origin=Premier%20Inn%20Berlin%20Alexanderplatz%2C%20Berlin%2C%20Germany&destination=Prague%20Astronomical%20Clock%2C%20Czechia&travelmode=walking&waypoints=Alton%20Hotel%2C%20Legerova%2022%2C%20Prague%2C%20Czechia%7CWenceslas%20Square%2C%20Prague%2C%20Czechia%7COld%20Town%20Square%2C%20Prague%2C%20Czechia
day-2026-12-03,3 dez,Berlim → Praga,7,sight,Ponto turístico,Astronomical Clock,"Prague Astronomical Clock, Czechia",50.086944,14.420833,walk,A pé,Relógio astronómico,https://www.google.com/maps/dir/?api=1&origin=Old%20Town%20Square%2C%20Prague%2C%20Czechia&destination=Prague%20Astronomical%20Clock%2C%20Czechia&travelmode=walking,https://www.google.com/maps/search/?api=1&query=Prague%20Astronomical%20Clock%2C%20Czechia,https://www.google.com/maps/dir/?api=1&origin=Premier%20Inn%20Berlin%20Alexanderplatz%2C%20Berlin%2C%20Germany&destination=Prague%20Astronomical%20Clock%2C%20Czechia&travelmode=walking&waypoints=Alton%20Hotel%2C%20Legerova%2022%2C%20Prague%2C%20Czechia%7CWenceslas%20Square%2C%20Prague%2C%20Czechia%7COld%20Town%20Square%2C%20Prague%2C%20Czechia
day-2026-12-04,4 dez,Praga — castelo,1,hotel,Hotel,Alton Hotel,"Alton Hotel, Legerova 22, Prague, Czechia",50.071111,14.430000,,,,,https://www.google.com/maps/search/?api=1&query=Alton%20Hotel%2C%20Legerova%2022%2C%20Prague%2C%20Czechia,https://www.google.com/maps/dir/?api=1&origin=Alton%20Hotel%2C%20Legerova%2022%2C%20Prague%2C%20Czechia&destination=Termix%20Club%2C%20Prague%2C%20Czechia&travelmode=walking&waypoints=Charles%20Bridge%2C%20Prague%2C%20Czechia%7CMal%C3%A1%20Strana%2C%20Prague%2C%20Czechia%7CPrague%20Castle%2C%20Czechia%7CKampa%20Island%2C%20Prague%2C%20Czechia%7CNa%20P%C5%99%C3%ADkop%C4%9B%2C%20Prague%2C%20Czechia%7CPalladium%20Prague%2C%20Czechia%7COld%20Town%20Square%2C%20Prague%2C%20Czechia
day-2026-12-04,4 dez,Praga — castelo,2,sight,Ponto turístico,Charles Bridge,"Charles Bridge, Prague, Czechia",50.086389,14.411389,walk,A pé,Charles Bridge,https://www.google.com/maps/dir/?api=1&origin=Alton%20Hotel%2C%20Legerova%2022%2C%20Prague%2C%20Czechia&destination=Charles%20Bridge%2C%20Prague%2C%20Czechia&travelmode=walking,https://www.google.com/maps/search/?api=1&query=Charles%20Bridge%2C%20Prague%2C%20Czechia,https://www.google.com/maps/dir/?api=1&origin=Alton%20Hotel%2C%20Legerova%2022%2C%20Prague%2C%20Czechia&destination=Termix%20Club%2C%20Prague%2C%20Czechia&travelmode=walking&waypoints=Charles%20Bridge%2C%20Prague%2C%20Czechia%7CMal%C3%A1%20Strana%2C%20Prague%2C%20Czechia%7CPrague%20Castle%2C%20Czechia%7CKampa%20Island%2C%20Prague%2C%20Czechia%7CNa%20P%C5%99%C3%ADkop%C4%9B%2C%20Prague%2C%20Czechia%7CPalladium%20Prague%2C%20Czechia%7COld%20Town%20Square%2C%20Prague%2C%20Czechia
day-2026-12-04,4 dez,Praga — castelo,3,sight,Ponto turístico,Malá Strana,"Malá Strana, Prague, Czechia",50.087778,14.403889,walk,A pé,Malá Strana,https://www.google.com/maps/dir/?api=1&origin=Charles%20Bridge%2C%20Prague%2C%20Czechia&destination=Mal%C3%A1%20Strana%2C%20Prague%2C%20Czechia&travelmode=walking,https://www.google.com/maps/search/?api=1&query=Mal%C3%A1%20Strana%2C%20Prague%2C%20Czechia,https://www.google.com/maps/dir/?api=1&origin=Alton%20Hotel%2C%20Legerova%2022%2C%20Prague%2C%20Czechia&destination=Termix%20Club%2C%20Prague%2C%20Czechia&travelmode=walking&waypoints=Charles%20Bridge%2C%20Prague%2C%20Czechia%7CMal%C3%A1%20Strana%2C%20Prague%2C%20Czechia%7CPrague%20Castle%2C%20Czechia%7CKampa%20Island%2C%20Prague%2C%20Czechia%7CNa%20P%C5%99%C3%ADkop%C4%9B%2C%20Prague%2C%20Czechia%7CPalladium%20Prague%2C%20Czechia%7COld%20Town%20Square%2C%20Prague%2C%20Czechia
day-2026-12-04,4 dez,Praga — castelo,4,sight,Ponto turístico,Prague Castle,"Prague Castle, Czechia",50.091111,14.401389,walk,A pé,Subida ao castelo,https://www.google.com/maps/dir/?api=1&origin=Mal%C3%A1%20Strana%2C%20Prague%2C%20Czechia&destination=Prague%20Castle%2C%20Czechia&travelmode=walking,https://www.google.com/maps/search/?api=1&query=Prague%20Castle%2C%20Czechia,https://www.google.com/maps/dir/?api=1&origin=Alton%20Hotel%2C%20Legerova%2022%2C%20Prague%2C%20Czechia&destination=Termix%20Club%2C%20Prague%2C%20Czechia&travelmode=walking&waypoints=Charles%20Bridge%2C%20Prague%2C%20Czechia%7CMal%C3%A1%20Strana%2C%20Prague%2C%20Czechia%7CPrague%20Castle%2C%20Czechia%7CKampa%20Island%2C%20Prague%2C%20Czechia%7CNa%20P%C5%99%C3%ADkop%C4%9B%2C%20Prague%2C%20Czechia%7CPalladium%20Prague%2C%20Czechia%7COld%20Town%20Square%2C%20Prague%2C%20Czechia
day-2026-12-04,4 dez,Praga — castelo,5,sight,Ponto turístico,Kampa Island,"Kampa Island, Prague, Czechia",50.084722,14.408611,walk,A pé,Kampa,https://www.google.com/maps/dir/?api=1&origin=Prague%20Castle%2C%20Czechia&destination=Kampa%20Island%2C%20Prague%2C%20Czechia&travelmode=walking,https://www.google.com/maps/search/?api=1&query=Kampa%20Island%2C%20Prague%2C%20Czechia,https://www.google.com/maps/dir/?api=1&origin=Alton%20Hotel%2C%20Legerova%2022%2C%20Prague%2C%20Czechia&destination=Termix%20Club%2C%20Prague%2C%20Czechia&travelmode=walking&waypoints=Charles%20Bridge%2C%20Prague%2C%20Czechia%7CMal%C3%A1%20Strana%2C%20Prague%2C%20Czechia%7CPrague%20Castle%2C%20Czechia%7CKampa%20Island%2C%20Prague%2C%20Czechia%7CNa%20P%C5%99%C3%ADkop%C4%9B%2C%20Prague%2C%20Czechia%7CPalladium%20Prague%2C%20Czechia%7COld%20Town%20Square%2C%20Prague%2C%20Czechia
day-2026-12-04,4 dez,Praga — castelo,6,sight,Ponto turístico,Na Příkopě,"Na Příkopě, Prague, Czechia",50.085556,14.426389,walk,A pé,Na Příkopě,https://www.google.com/maps/dir/?api=1&origin=Kampa%20Island%2C%20Prague%2C%20Czechia&destination=Na%20P%C5%99%C3%ADkop%C4%9B%2C%20Prague%2C%20Czechia&travelmode=walking,https://www.google.com/maps/search/?api=1&query=Na%20P%C5%99%C3%ADkop%C4%9B%2C%20Prague%2C%20Czechia,https://www.google.com/maps/dir/?api=1&origin=Alton%20Hotel%2C%20Legerova%2022%2C%20Prague%2C%20Czechia&destination=Termix%20Club%2C%20Prague%2C%20Czechia&travelmode=walking&waypoints=Charles%20Bridge%2C%20Prague%2C%20Czechia%7CMal%C3%A1%20Strana%2C%20Prague%2C%20Czechia%7CPrague%20Castle%2C%20Czechia%7CKampa%20Island%2C%20Prague%2C%20Czechia%7CNa%20P%C5%99%C3%ADkop%C4%9B%2C%20Prague%2C%20Czechia%7CPalladium%20Prague%2C%20Czechia%7COld%20Town%20Square%2C%20Prague%2C%20Czechia
day-2026-12-04,4 dez,Praga — castelo,7,sight,Ponto turístico,Palladium,"Palladium Prague, Czechia",50.089444,14.428889,walk,A pé,Palladium,https://www.google.com/maps/dir/?api=1&origin=Na%20P%C5%99%C3%ADkop%C4%9B%2C%20Prague%2C%20Czechia&destination=Palladium%20Prague%2C%20Czechia&travelmode=walking,https://www.google.com/maps/search/?api=1&query=Palladium%20Prague%2C%20Czechia,https://www.google.com/maps/dir/?api=1&origin=Alton%20Hotel%2C%20Legerova%2022%2C%20Prague%2C%20Czechia&destination=Termix%20Club%2C%20Prague%2C%20Czechia&travelmode=walking&waypoints=Charles%20Bridge%2C%20Prague%2C%20Czechia%7CMal%C3%A1%20Strana%2C%20Prague%2C%20Czechia%7CPrague%20Castle%2C%20Czechia%7CKampa%20Island%2C%20Prague%2C%20Czechia%7CNa%20P%C5%99%C3%ADkop%C4%9B%2C%20Prague%2C%20Czechia%7CPalladium%20Prague%2C%20Czechia%7COld%20Town%20Square%2C%20Prague%2C%20Czechia
day-2026-12-04,4 dez,Praga — castelo,8,sight,Ponto turístico,Old Town Square (revisit),"Old Town Square, Prague, Czechia",50.087500,14.421389,walk,A pé,Old Town,https://www.google.com/maps/dir/?api=1&origin=Palladium%20Prague%2C%20Czechia&destination=Old%20Town%20Square%2C%20Prague%2C%20Czechia&travelmode=walking,https://www.google.com/maps/search/?api=1&query=Old%20Town%20Square%2C%20Prague%2C%20Czechia,https://www.google.com/maps/dir/?api=1&origin=Alton%20Hotel%2C%20Legerova%2022%2C%20Prague%2C%20Czechia&destination=Termix%20Club%2C%20Prague%2C%20Czechia&travelmode=walking&waypoints=Charles%20Bridge%2C%20Prague%2C%20Czechia%7CMal%C3%A1%20Strana%2C%20Prague%2C%20Czechia%7CPrague%20Castle%2C%20Czechia%7CKampa%20Island%2C%20Prague%2C%20Czechia%7CNa%20P%C5%99%C3%ADkop%C4%9B%2C%20Prague%2C%20Czechia%7CPalladium%20Prague%2C%20Czechia%7COld%20Town%20Square%2C%20Prague%2C%20Czechia
day-2026-12-04,4 dez,Praga — castelo,9,night,Noite,Termix (Vinohrady),"Termix Club, Prague, Czechia",50.075000,14.439722,walk,A pé,Termix,https://www.google.com/maps/dir/?api=1&origin=Old%20Town%20Square%2C%20Prague%2C%20Czechia&destination=Termix%20Club%2C%20Prague%2C%20Czechia&travelmode=walking,https://www.google.com/maps/search/?api=1&query=Termix%20Club%2C%20Prague%2C%20Czechia,https://www.google.com/maps/dir/?api=1&origin=Alton%20Hotel%2C%20Legerova%2022%2C%20Prague%2C%20Czechia&destination=Termix%20Club%2C%20Prague%2C%20Czechia&travelmode=walking&waypoints=Charles%20Bridge%2C%20Prague%2C%20Czechia%7CMal%C3%A1%20Strana%2C%20Prague%2C%20Czechia%7CPrague%20Castle%2C%20Czechia%7CKampa%20Island%2C%20Prague%2C%20Czechia%7CNa%20P%C5%99%C3%ADkop%C4%9B%2C%20Prague%2C%20Czechia%7CPalladium%20Prague%2C%20Czechia%7COld%20Town%20Square%2C%20Prague%2C%20Czechia
day-2026-12-05,5 dez,Praga → Bruxelas,1,hotel,Hotel,Alton Hotel (check-out),"Alton Hotel, Legerova 22, Prague, Czechia",50.071111,14.430000,,,,,https://www.google.com/maps/search/?api=1&query=Alton%20Hotel%2C%20Legerova%2022%2C%20Prague%2C%20Czechia,https://www.google.com/maps/dir/?api=1&origin=Alton%20Hotel%2C%20Legerova%2022%2C%20Prague%2C%20Czechia&destination=Rue%20Neuve%2C%20Brussels%2C%20Belgium&travelmode=walking&waypoints=Charles%20Bridge%2C%20Prague%2C%20Czechia%7CHotel%20des%20Colonies%20Brussels%2C%20Rue%20des%20Croisades%206%2C%20Brussels%2C%20Belgium
day-2026-12-05,5 dez,Praga → Bruxelas,2,sight,Ponto turístico,Charles Bridge (último passeio),"Charles Bridge, Prague, Czechia",50.086389,14.411389,walk,A pé,Último passeio,https://www.google.com/maps/dir/?api=1&origin=Alton%20Hotel%2C%20Legerova%2022%2C%20Prague%2C%20Czechia&destination=Charles%20Bridge%2C%20Prague%2C%20Czechia&travelmode=walking,https://www.google.com/maps/search/?api=1&query=Charles%20Bridge%2C%20Prague%2C%20Czechia,https://www.google.com/maps/dir/?api=1&origin=Alton%20Hotel%2C%20Legerova%2022%2C%20Prague%2C%20Czechia&destination=Rue%20Neuve%2C%20Brussels%2C%20Belgium&travelmode=walking&waypoints=Charles%20Bridge%2C%20Prague%2C%20Czechia%7CHotel%20des%20Colonies%20Brussels%2C%20Rue%20des%20Croisades%206%2C%20Brussels%2C%20Belgium
day-2026-12-05,5 dez,Praga → Bruxelas,3,airport,Aeroporto,Václav Havel Airport (PRG),"Václav Havel Airport Prague, Czechia",50.100833,14.263333,metro,Metro,Metro/bus → PRG,https://www.google.com/maps/dir/?api=1&origin=Charles%20Bridge%2C%20Prague%2C%20Czechia&destination=V%C3%A1clav%20Havel%20Airport%20Prague%2C%20Czechia&travelmode=transit,https://www.google.com/maps/search/?api=1&query=V%C3%A1clav%20Havel%20Airport%20Prague%2C%20Czechia,https://www.google.com/maps/dir/?api=1&origin=Alton%20Hotel%2C%20Legerova%2022%2C%20Prague%2C%20Czechia&destination=Rue%20Neuve%2C%20Brussels%2C%20Belgium&travelmode=walking&waypoints=Charles%20Bridge%2C%20Prague%2C%20Czechia%7CHotel%20des%20Colonies%20Brussels%2C%20Rue%20des%20Croisades%206%2C%20Brussels%2C%20Belgium
day-2026-12-05,5 dez,Praga → Bruxelas,4,airport,Aeroporto,Brussels Airport Zaventem (BRU),"Brussels Airport, Belgium",50.901389,4.484444,flight,Voo,PRG → BRU,,https://www.google.com/maps/search/?api=1&query=Brussels%20Airport%2C%20Belgium,https://www.google.com/maps/dir/?api=1&origin=Alton%20Hotel%2C%20Legerova%2022%2C%20Prague%2C%20Czechia&destination=Rue%20Neuve%2C%20Brussels%2C%20Belgium&travelmode=walking&waypoints=Charles%20Bridge%2C%20Prague%2C%20Czechia%7CHotel%20des%20Colonies%20Brussels%2C%20Rue%20des%20Croisades%206%2C%20Brussels%2C%20Belgium
day-2026-12-05,5 dez,Praga → Bruxelas,5,hotel,Hotel,Hotel des Colonies,"Hotel des Colonies Brussels, Rue des Croisades 6, Brussels, Belgium",50.856944,4.357222,metro,Metro,STIB → hotel Rogier,https://www.google.com/maps/dir/?api=1&origin=Brussels%20Airport%2C%20Belgium&destination=Hotel%20des%20Colonies%20Brussels%2C%20Rue%20des%20Croisades%206%2C%20Brussels%2C%20Belgium&travelmode=transit,https://www.google.com/maps/search/?api=1&query=Hotel%20des%20Colonies%20Brussels%2C%20Rue%20des%20Croisades%206%2C%20Brussels%2C%20Belgium,https://www.google.com/maps/dir/?api=1&origin=Alton%20Hotel%2C%20Legerova%2022%2C%20Prague%2C%20Czechia&destination=Rue%20Neuve%2C%20Brussels%2C%20Belgium&travelmode=walking&waypoints=Charles%20Bridge%2C%20Prague%2C%20Czechia%7CHotel%20des%20Colonies%20Brussels%2C%20Rue%20des%20Croisades%206%2C%20Brussels%2C%20Belgium
day-2026-12-05,5 dez,Praga → Bruxelas,6,sight,Ponto turístico,Rogier / Rue Neuve,"Rue Neuve, Brussels, Belgium",50.853889,4.356944,walk,A pé,Rue Neuve,https://www.google.com/maps/dir/?api=1&origin=Hotel%20des%20Colonies%20Brussels%2C%20Rue%20des%20Croisades%206%2C%20Brussels%2C%20Belgium&destination=Rue%20Neuve%2C%20Brussels%2C%20Belgium&travelmode=walking,https://www.google.com/maps/search/?api=1&query=Rue%20Neuve%2C%20Brussels%2C%20Belgium,https://www.google.com/maps/dir/?api=1&origin=Alton%20Hotel%2C%20Legerova%2022%2C%20Prague%2C%20Czechia&destination=Rue%20Neuve%2C%20Brussels%2C%20Belgium&travelmode=walking&waypoints=Charles%20Bridge%2C%20Prague%2C%20Czechia%7CHotel%20des%20Colonies%20Brussels%2C%20Rue%20des%20Croisades%206%2C%20Brussels%2C%20Belgium
day-2026-12-06,6 dez,Bruxelas — descanso + prep voo,1,hotel,Hotel,Hotel des Colonies,"Hotel des Colonies Brussels, Rue des Croisades 6, Brussels, Belgium",50.856944,4.357222,,,,,https://www.google.com/maps/search/?api=1&query=Hotel%20des%20Colonies%20Brussels%2C%20Rue%20des%20Croisades%206%2C%20Brussels%2C%20Belgium,https://www.google.com/maps/dir/?api=1&origin=Hotel%20des%20Colonies%20Brussels%2C%20Rue%20des%20Croisades%206%2C%20Brussels%2C%20Belgium&destination=Hotel%20des%20Colonies%20Brussels%2C%20Belgium&travelmode=walking&waypoints=Grand%20Place%2C%20Brussels%2C%20Belgium%7CGaleries%20Royales%20Saint-Hubert%2C%20Brussels%2C%20Belgium%7CMont%20des%20Arts%2C%20Brussels%2C%20Belgium%7CRue%20Neuve%2C%20Brussels%2C%20Belgium
day-2026-12-06,6 dez,Bruxelas — descanso + prep voo,2,sight,Ponto turístico,Grand Place,"Grand Place, Brussels, Belgium",50.846667,4.352500,walk,A pé,Grand Place,https://www.google.com/maps/dir/?api=1&origin=Hotel%20des%20Colonies%20Brussels%2C%20Rue%20des%20Croisades%206%2C%20Brussels%2C%20Belgium&destination=Grand%20Place%2C%20Brussels%2C%20Belgium&travelmode=walking,https://www.google.com/maps/search/?api=1&query=Grand%20Place%2C%20Brussels%2C%20Belgium,https://www.google.com/maps/dir/?api=1&origin=Hotel%20des%20Colonies%20Brussels%2C%20Rue%20des%20Croisades%206%2C%20Brussels%2C%20Belgium&destination=Hotel%20des%20Colonies%20Brussels%2C%20Belgium&travelmode=walking&waypoints=Grand%20Place%2C%20Brussels%2C%20Belgium%7CGaleries%20Royales%20Saint-Hubert%2C%20Brussels%2C%20Belgium%7CMont%20des%20Arts%2C%20Brussels%2C%20Belgium%7CRue%20Neuve%2C%20Brussels%2C%20Belgium
day-2026-12-06,6 dez,Bruxelas — descanso + prep voo,3,sight,Ponto turístico,Galeries Royales Saint-Hubert,"Galeries Royales Saint-Hubert, Brussels, Belgium",50.848611,4.354722,walk,A pé,Galeries Saint-Hubert,https://www.google.com/maps/dir/?api=1&origin=Grand%20Place%2C%20Brussels%2C%20Belgium&destination=Galeries%20Royales%20Saint-Hubert%2C%20Brussels%2C%20Belgium&travelmode=walking,https://www.google.com/maps/search/?api=1&query=Galeries%20Royales%20Saint-Hubert%2C%20Brussels%2C%20Belgium,https://www.google.com/maps/dir/?api=1&origin=Hotel%20des%20Colonies%20Brussels%2C%20Rue%20des%20Croisades%206%2C%20Brussels%2C%20Belgium&destination=Hotel%20des%20Colonies%20Brussels%2C%20Belgium&travelmode=walking&waypoints=Grand%20Place%2C%20Brussels%2C%20Belgium%7CGaleries%20Royales%20Saint-Hubert%2C%20Brussels%2C%20Belgium%7CMont%20des%20Arts%2C%20Brussels%2C%20Belgium%7CRue%20Neuve%2C%20Brussels%2C%20Belgium
day-2026-12-06,6 dez,Bruxelas — descanso + prep voo,4,sight,Ponto turístico,Mont des Arts,"Mont des Arts, Brussels, Belgium",50.842778,4.359444,walk,A pé,Mont des Arts,https://www.google.com/maps/dir/?api=1&origin=Galeries%20Royales%20Saint-Hubert%2C%20Brussels%2C%20Belgium&destination=Mont%20des%20Arts%2C%20Brussels%2C%20Belgium&travelmode=walking,https://www.google.com/maps/search/?api=1&query=Mont%20des%20Arts%2C%20Brussels%2C%20Belgium,https://www.google.com/maps/dir/?api=1&origin=Hotel%20des%20Colonies%20Brussels%2C%20Rue%20des%20Croisades%206%2C%20Brussels%2C%20Belgium&destination=Hotel%20des%20Colonies%20Brussels%2C%20Belgium&travelmode=walking&waypoints=Grand%20Place%2C%20Brussels%2C%20Belgium%7CGaleries%20Royales%20Saint-Hubert%2C%20Brussels%2C%20Belgium%7CMont%20des%20Arts%2C%20Brussels%2C%20Belgium%7CRue%20Neuve%2C%20Brussels%2C%20Belgium
day-2026-12-06,6 dez,Bruxelas — descanso + prep voo,5,sight,Ponto turístico,Rue Neuve (opcional),"Rue Neuve, Brussels, Belgium",50.853889,4.356944,walk,A pé,Rue Neuve opcional,https://www.google.com/maps/dir/?api=1&origin=Mont%20des%20Arts%2C%20Brussels%2C%20Belgium&destination=Rue%20Neuve%2C%20Brussels%2C%20Belgium&travelmode=walking,https://www.google.com/maps/search/?api=1&query=Rue%20Neuve%2C%20Brussels%2C%20Belgium,https://www.google.com/maps/dir/?api=1&origin=Hotel%20des%20Colonies%20Brussels%2C%20Rue%20des%20Croisades%206%2C%20Brussels%2C%20Belgium&destination=Hotel%20des%20Colonies%20Brussels%2C%20Belgium&travelmode=walking&waypoints=Grand%20Place%2C%20Brussels%2C%20Belgium%7CGaleries%20Royales%20Saint-Hubert%2C%20Brussels%2C%20Belgium%7CMont%20des%20Arts%2C%20Brussels%2C%20Belgium%7CRue%20Neuve%2C%20Brussels%2C%20Belgium
day-2026-12-06,6 dez,Bruxelas — descanso + prep voo,6,hotel,Hotel,Hotel des Colonies (prep voo),"Hotel des Colonies Brussels, Belgium",50.856944,4.357222,metro,Metro,STIB → hotel,https://www.google.com/maps/dir/?api=1&origin=Rue%20Neuve%2C%20Brussels%2C%20Belgium&destination=Hotel%20des%20Colonies%20Brussels%2C%20Belgium&travelmode=transit,https://www.google.com/maps/search/?api=1&query=Hotel%20des%20Colonies%20Brussels%2C%20Belgium,https://www.google.com/maps/dir/?api=1&origin=Hotel%20des%20Colonies%20Brussels%2C%20Rue%20des%20Croisades%206%2C%20Brussels%2C%20Belgium&destination=Hotel%20des%20Colonies%20Brussels%2C%20Belgium&travelmode=walking&waypoints=Grand%20Place%2C%20Brussels%2C%20Belgium%7CGaleries%20Royales%20Saint-Hubert%2C%20Brussels%2C%20Belgium%7CMont%20des%20Arts%2C%20Brussels%2C%20Belgium%7CRue%20Neuve%2C%20Brussels%2C%20Belgium
day-2026-12-07,7 dez,Bruxelas → Brasil,1,hotel,Hotel,Hotel des Colonies (check-out),"Hotel des Colonies Brussels, Belgium",50.856944,4.357222,,,,,https://www.google.com/maps/search/?api=1&query=Hotel%20des%20Colonies%20Brussels%2C%20Belgium,https://www.google.com/maps/search/?api=1&query=Hotel%20des%20Colonies%20Brussels%2C%20Belgium
day-2026-12-07,7 dez,Bruxelas → Brasil,2,airport,Aeroporto,Brussels Airport Zaventem (BRU),"Brussels Airport, Belgium",50.901389,4.484444,metro,Metro,STIB/MIVB → aeroporto BRU,https://www.google.com/maps/dir/?api=1&origin=Hotel%20des%20Colonies%20Brussels%2C%20Belgium&destination=Brussels%20Airport%2C%20Belgium&travelmode=transit,https://www.google.com/maps/search/?api=1&query=Brussels%20Airport%2C%20Belgium,https://www.google.com/maps/search/?api=1&query=Hotel%20des%20Colonies%20Brussels%2C%20Belgium
